Workbook
Name _1Excel_BuiltIn__FilterDatabase_8_1: 'crn stok listesi'!$A$1:$D$180
Name _1Excel_BuiltIn__FilterDatabase_8_1: 'crn stok listesi (2)'!$A$1:$D$180
Name _1Excel_BuiltIn__FilterDatabase_8_1: LİSTE!$B$1:$T$288
Name _1Excel_BuiltIn__FilterDatabase_8_1: SatışFiyat!$A$1:$D$209
Name Excel_BuiltIn__FilterDatabase_8: #REF!
Name Excel_BuiltIn__FilterDatabase_8: #REF!
Name Excel_BuiltIn__FilterDatabase_8: #REF!
Name Excel_BuiltIn__FilterDatabase_8: #REF!
Name Excel_BuiltIn__FilterDatabase_8: #REF!
Name Excel_BuiltIn__FilterDatabase_8: #REF!
Name Excel_BuiltIn__FilterDatabase_8: #REF!
Name Guncel: Sayfa1!$A$2:$F$169

Sheet Sayfa2
C1: SAC FİYATI | D1: MAŞON FİYATI | E1: TUTACAK FİYATI | F1: SON KAPAMA ÇAPI | G1: Pİ | H1: BOYU | I1: KULLANILAN SAC m | J1: SON KAPAMA İZOLESİ 1msinin fiyatı | K1: TUTARI | M1: ÇAPI | N1: Pİ | O1: KALINLIK | P1: YOĞUNLUK | Q1: AĞIRLIĞI (KG) | R1: ÇAPI | S1: Pİ | T1: KALINLIK | U1: YOĞUNLUK | V1: AĞIRLIĞI (KG) | W1: ÇAPI | X1: Pİ | Y1: KALINLIK | Z1: YOĞUNLUK | AA1: AĞIRLIĞI (KG) | AB1: ÇAPI | AC1: Pİ | AD1: KALINLIK | AE1: YOĞUNLUK | AF1: AĞIRLIĞI (KG) | AG1: ÇAPI | AH1: Pİ | AI1: KALINLIK | AJ1: YOĞUNLUK | AK1: AĞIRLIĞI (KG) | AM1: İZOLASYON | AN1: TAŞ YÜNÜ + MODUL (CM ) | AO1: Pİ | AP1: mm | AQ1: 430 Metresi $ | AR1: $ | AS1: mm | AT1: DIŞ CİDAR | AV1: Pİ | AW1: Kalınlık | AX1: Yogunluk | AY1: Metresi | AZ1: $ | BA1: TOPLAM İZOLASYON+ KILIF | BB1: SACIN M FİYATI | BC1: TOPLAM | BE1: KELEPÇE | BF1: ÇAPI | BG1: Pİ | BH1: Birim maliyet $ | BJ1: kelepçe kulağı | BK1: $ | BL1: İZOLELİ KELEPÇE | BM1: ÇAPI | BN1: İZOLE | BP1: Pİ | BR1: Birim maliyet $ | BT1: DUVAR KELEPÇE | BW1: Birim maliyet $ (7cm sac kullanıldı. ) | BY1: VİDA | BZ1: MALİYETİ | CA1: DUVAR KELEPÇESİ + İZOLE | CB1: ÇAP | CC1: MALİYETİ | CD1: SIVAMA ÇAP $ | CF1: SIVAMA İŞCİLİĞİ | CG1: TOPLAM | CJ1: Düz Modül 250 mm | CL1: CONTA | CM1: ÇAPI | CN1: Pİ | CP1: MALİYET $ | CR1: SEHPA | CS1: Cevre profil | CT1: Toplam Ayak Profil (m)
B2: 1000 | C2: 6.5 | D2: 1.39 | E2: 0.5 | F2: 100 | G2: 3.14 | H2: 0.25 | I2: =G2*F2*H2/1000 -> 0.0785 | J2: =BC2 -> 4.578905 | K2: =H2*J2 -> 1.1447263 | L2: 100 | M2: 100 | N2: 3.14 | O2: 0.4 | P2: 0.8 | Q2: =M2*N2*O2*P2/100 -> 1.0048 | R2: 100 | S2: 3.14 | T2: 0.5 | U2: 0.8 | V2: =R2*S2*T2*U2/100 -> 1.256 | W2: 100 | X2: 3.14 | Y2: 0.6 | Z2: 0.8 | AA2: =W2*X2*Y2*Z2/100 -> 1.5072 | AB2: 100 | AC2: 3.14 | AD2: 0.8 | AE2: 0.8 | AF2: =AB2*AC2*AD2*AE2/100 -> 2.0096 | AG2: 100 | AH2: 3.14 | AI2: 1 | AJ2: 0.8 | AK2: =AG2*AH2*AI2*AJ2/100 -> 2.512 | AM2: 100 | AN2: =R2+25 -> 125 | AO2: 3.14 | AP2: =AN2*AO2/1000 -> 0.3925 | AQ2: 2.45 | AR2: =AP2*AQ2 -> 0.961625 | AS2: 55 | AT2: =AN2+AS2 -> 180 | AU2: =AT2-AM2 -> 80 | AV2: 3.14 | AW2: 0.4 | AX2: 0.8 | AY2: 2 | AZ2: =AT2*AV2*AY2*AW2*AX2/100 -> 3.61728 | BA2: =AZ2+AR2 -> 4.578905 | BB2: 0 | BC2: =BA2+BB2 -> 4.578905 | BE2: 100 | BF2: 100 | BG2: 3.14 | BH2: 0.66 | BI2: =BG2*BF2*BH2/1000 -> 0.20724 | BJ2: =2.5/7.7 -> 0.32467532 | BK2: =BI2+BJ2 -> 0.53191532 | BL2: 100 | BM2: 100 | BN2: 50 | BO2: =BM2+BN2 -> 150 | BP2: 3.14 | BQ2: =BO2*BP2/1000 -> 0.471 | BR2: 0.66 | BS2: =BQ2*BR2 -> 0.31086 | BT2: 100 | BU2: 100 | BV2: 3.14 | BW2: 1.3 | BX2: =BV2*BU2*BW2/1000 -> 0.4082 | BY2: 0.78 | BZ2: =BX2+BY2 -> 1.1882 | CA2: 100 | CB2: =CA2+50 -> 150 | CC2: =BZ5 -> 1.3923 | CD2: 100 | CE2: 0.57 | CF2: 0.68 | CG2: =CE2+CF2 -> 1.25 | CH2: Ø100Son kapama İzoleli | CI2: 1.005 | CJ2: Ø100Standart Düz Modül 250 mm | CK2: 1.005 | CL2: 100 | CM2: 100 | CN2: 3.14 | CO2: =6/7.3 -> 0.82191781 | CP2: =CM2*CN2*CO2/1000 -> 0.25808219 | CQ2: 8 | CR2: 100 | CS2: =$CQ$2*CR2/1000 -> 0.8 | CT2: 2 | CU2: =CS2+CT2 -> 2.8
F3: 130 | G3: 3.14 | H3: 0.25 | I3: =G3*F3*H3/1000 -> 0.10205 | J3: =BC3 -> 5.412575 | K3: =H3*J3 -> 1.3531438 | L3: 130 | M3: 130 | N3: 3.14 | O3: 0.4 | P3: 0.8 | Q3: =M3*N3*O3*P3/100 -> 1.30624 | R3: 130 | S3: 3.14 | T3: 0.5 | U3: 0.8 | V3: =R3*S3*T3*U3/100 -> 1.6328 | W3: 130 | X3: 3.14 | Y3: 0.6 | Z3: 0.8 | AA3: =W3*X3*Y3*Z3/100 -> 1.95936 | AB3: 130 | AC3: 3.14 | AD3: 0.8 | AE3: 0.8 | AF3: =AB3*AC3*AD3*AE3/100 -> 2.61248 | AG3: 130 | AH3: 3.14 | AI3: 1 | AJ3: 0.8 | AK3: =AG3*AH3*AI3*AJ3/100 -> 3.2656 | AM3: 130 | AN3: 155 | AO3: 3.14 | AP3: =AN3*AO3/1000 -> 0.4867 | AQ3: 2.45 | AR3: =AP3*AQ3 -> 1.192415 | AS3: 55 | AT3: =AN3+AS3 -> 210 | AU3: =AT3-AM3 -> 80 | AV3: 3.14 | AW3: 0.4 | AX3: 0.8 | AY3: 2 | AZ3: =AT3*AV3*AY3*AW3*AX3/100 -> 4.22016 | BA3: =AZ3+AR3 -> 5.412575 | BB3: 0 | BC3: =BA3+BB3 -> 5.412575 | BE3: 130 | BF3: 130 | BG3: 3.14 | BH3: 0.66 | BI3: =BG3*BF3*BH3/1000 -> 0.269412 | BJ3: =2.5/7.7 -> 0.32467532 | BK3: =BI3+BJ3 -> 0.59408732 | BT3: 130 | BU3: 130 | BV3: 3.14 | BW3: 1.3 | BX3: =BV3*BU3*BW3/1000 -> 0.53066 | BY3: 0.78 | BZ3: =BX3+BY3 -> 1.31066 | CA3: 130 | CB3: 180 | CC3: =BZ6 -> 1.51476 | CD3: 130 | CE3: 0.57 | CF3: 0.68 | CG3: =CE3+CF3 -> 1.25 | CH3: Ø130Son kapama İzoleli | CI3: 1.30624 | CJ3: Ø130Standart Düz Modül 250 mm | CK3: 1.30624 | CL3: 130 | CM3: 130 | CN3: 3.14 | CO3: =6/7.3 -> 0.82191781 | CP3: =CM3*CN3*CO3/1000 -> 0.33550685 | CR3: 130 | CS3: =$CQ$2*CR3/1000 -> 1.04 | CT3: 2 | CU3: =CS3+CT3 -> 3.04
B4: 500 | C4: =C2/2 -> 3.25 | F4: 140 | G4: 3.14 | H4: 0.25 | I4: =G4*F4*H4/1000 -> 0.1099 | J4: =BC4 -> 5.690465 | K4: =H4*J4 -> 1.4226163 | L4: 140 | M4: 140 | N4: 3.14 | O4: 0.4 | P4: 0.8 | Q4: =M4*N4*O4*P4/100 -> 1.40672 | R4: 140 | S4: 3.14 | T4: 0.5 | U4: 0.8 | V4: =R4*S4*T4*U4/100 -> 1.7584 | W4: 140 | X4: 3.14 | Y4: 0.6 | Z4: 0.8 | AA4: =W4*X4*Y4*Z4/100 -> 2.11008 | AB4: 140 | AC4: 3.14 | AD4: 0.8 | AE4: 0.8 | AF4: =AB4*AC4*AD4*AE4/100 -> 2.81344 | AG4: 140 | AH4: 3.14 | AI4: 1 | AJ4: 0.8 | AK4: =AG4*AH4*AI4*AJ4/100 -> 3.5168 | AM4: 140 | AN4: =R4+25 -> 165 | AO4: 3.14 | AP4: =AN4*AO4/1000 -> 0.5181 | AQ4: 2.45 | AR4: =AP4*AQ4 -> 1.269345 | AS4: 55 | AT4: =AN4+AS4 -> 220 | AU4: =AT4-AM4 -> 80 | AV4: 3.14 | AW4: 0.4 | AX4: 0.8 | AY4: 2 | AZ4: =AT4*AV4*AY4*AW4*AX4/100 -> 4.42112 | BA4: =AZ4+AR4 -> 5.690465 | BB4: 0 | BC4: =BA4+BB4 -> 5.690465 | BE4: 140 | BF4: 140 | BG4: 3.14 | BH4: 0.66 | BI4: =BG4*BF4*BH4/1000 -> 0.290136 | BJ4: =2.5/7.7 -> 0.32467532 | BK4: =BI4+BJ4 -> 0.61481132 | BL4: 140 | BM4: 140 | BN4: 50 | BO4: =BM4+BN4 -> 190 | BP4: 3.14 | BQ4: =BO4*BP4/1000 -> 0.5966 | BR4: 0.66 | BS4: =BQ4*BR4 -> 0.393756 | BT4: 140 | BU4: 140 | BV4: 3.14 | BW4: 1.3 | BX4: =BV4*BU4*BW4/1000 -> 0.57148 | BY4: 0.78 | BZ4: =BX4+BY4 -> 1.35148 | CA4: 140 | CB4: =CA4+50 -> 190 | CC4: =BZ7 -> 1.5964 | CD4: 140 | CE4: 0.57 | CF4: 0.68 | CG4: =CE4+CF4 -> 1.25 | CH4: Ø140Son kapama İzoleli | CI4: 1.407 | CJ4: Ø140Standart Düz Modül 250 mm | CK4: 1.407 | CL4: 140 | CM4: 140 | CN4: 3.14 | CO4: =6/7.3 -> 0.82191781 | CP4: =CM4*CN4*CO4/1000 -> 0.36131507 | CR4: 140 | CS4: =$CQ$2*CR4/1000 -> 1.12 | CT4: 2 | CU4: =CS4+CT4 -> 3.12
B5: 250 | C5: =C2/4 -> 1.625 | F5: 150 | G5: 3.14 | H5: 0.25 | I5: =G5*F5*H5/1000 -> 0.11775 | J5: =BC5 -> 5.968355 | K5: =H5*J5 -> 1.4920888 | L5: 150 | M5: 150 | N5: 3.14 | O5: 0.4 | P5: 0.8 | Q5: =M5*N5*O5*P5/100 -> 1.5072 | R5: 150 | S5: 3.14 | T5: 0.5 | U5: 0.8 | V5: =R5*S5*T5*U5/100 -> 1.884 | W5: 150 | X5: 3.14 | Y5: 0.6 | Z5: 0.8 | AA5: =W5*X5*Y5*Z5/100 -> 2.2608 | AB5: 150 | AC5: 3.14 | AD5: 0.8 | AE5: 0.8 | AF5: =AB5*AC5*AD5*AE5/100 -> 3.0144 | AG5: 150 | AH5: 3.14 | AI5: 1 | AJ5: 0.8 | AK5: =AG5*AH5*AI5*AJ5/100 -> 3.768 | AM5: 150 | AN5: =R5+25 -> 175 | AO5: 3.14 | AP5: =AN5*AO5/1000 -> 0.5495 | AQ5: 2.45 | AR5: =AP5*AQ5 -> 1.346275 | AS5: 55 | AT5: =AN5+AS5 -> 230 | AU5: =AT5-AM5 -> 80 | AV5: 3.14 | AW5: 0.4 | AX5: 0.8 | AY5: 2 | AZ5: =AT5*AV5*AY5*AW5*AX5/100 -> 4.62208 | BA5: =AZ5+AR5 -> 5.968355 | BB5: 0 | BC5: =BA5+BB5 -> 5.968355 | BE5: 150 | BF5: 150 | BG5: 3.14 | BH5: 0.66 | BI5: =BG5*BF5*BH5/1000 -> 0.31086 | BJ5: =2.5/7.7 -> 0.32467532 | BK5: =BI5+BJ5 -> 0.63553532 | BL5: 150 | BM5: 150 | BN5: 50 | BO5: =BM5+BN5 -> 200 | BP5: 3.14 | BQ5: =BO5*BP5/1000 -> 0.628 | BR5: 0.66 | BS5: =BQ5*BR5 -> 0.41448 | BT5: 150 | BU5: 150 | BV5: 3.14 | BW5: 1.3 | BX5: =BV5*BU5*BW5/1000 -> 0.6123 | BY5: 0.78 | BZ5: =BX5+BY5 -> 1.3923 | CA5: 150 | CB5: =CA5+50 -> 200 | CC5: =BZ8 -> 1.69845 | CD5: 150 | CE5: 0.64 | CF5: 0.68 | CG5: =CE5+CF5 -> 1.32 | CH5: Ø150Son kapama İzoleli | CI5: 1.507 | CJ5: Ø150Standart Düz Modül 250 mm | CK5: 1.507 | CL5: 150 | CM5: 150 | CN5: 3.14 | CO5: =6/7.3 -> 0.82191781 | CP5: =CM5*CN5*CO5/1000 -> 0.38712329 | CR5: 150 | CS5: =$CQ$2*CR5/1000 -> 1.2 | CT5: 2 | CU5: =CS5+CT5 -> 3.2
B6: DİRSEK | F6: 180 | G6: 3.14 | H6: 0.25 | I6: =G6*F6*H6/1000 -> 0.1413 | J6: =BC6 -> 6.802025 | K6: =H6*J6 -> 1.7005062 | L6: 180 | M6: 180 | N6: 3.14 | O6: 0.4 | P6: 0.8 | Q6: =M6*N6*O6*P6/100 -> 1.80864 | R6: 180 | S6: 3.14 | T6: 0.5 | U6: 0.8 | V6: =R6*S6*T6*U6/100 -> 2.2608 | W6: 180 | X6: 3.14 | Y6: 0.6 | Z6: 0.8 | AA6: =W6*X6*Y6*Z6/100 -> 2.71296 | AB6: 180 | AC6: 3.14 | AD6: 0.8 | AE6: 0.8 | AF6: =AB6*AC6*AD6*AE6/100 -> 3.61728 | AG6: 180 | AH6: 3.14 | AI6: 1 | AJ6: 0.8 | AK6: =AG6*AH6*AI6*AJ6/100 -> 4.5216 | AM6: 180 | AN6: =R6+25 -> 205 | AO6: 3.14 | AP6: =AN6*AO6/1000 -> 0.6437 | AQ6: 2.45 | AR6: =AP6*AQ6 -> 1.577065 | AS6: 55 | AT6: =AN6+AS6 -> 260 | AU6: =AT6-AM6 -> 80 | AV6: 3.14 | AW6: 0.4 | AX6: 0.8 | AY6: 2 | AZ6: =AT6*AV6*AY6*AW6*AX6/100 -> 5.22496 | BA6: =AZ6+AR6 -> 6.802025 | BB6: 0 | BC6: =BA6+BB6 -> 6.802025 | BE6: 180 | BF6: 180 | BG6: 3.14 | BH6: 0.66 | BI6: =BG6*BF6*BH6/1000 -> 0.373032 | BJ6: =2.5/7.7 -> 0.32467532 | BK6: =BI6+BJ6 -> 0.69770732 | BL6: 180 | BM6: 180 | BN6: 50 | BO6: =BM6+BN6 -> 230 | BP6: 3.14 | BQ6: =BO6*BP6/1000 -> 0.7222 | BR6: 0.66 | BS6: =BQ6*BR6 -> 0.476652 | BT6: 180 | BU6: 180 | BV6: 3.14 | BW6: 1.3 | BX6: =BV6*BU6*BW6/1000 -> 0.73476 | BY6: 0.78 | BZ6: =BX6+BY6 -> 1.51476 | CA6: 180 | CB6: =CA6+50 -> 230 | CC6: =BZ9 -> 1.75968 | CD6: 180 | CE6: 0.8 | CF6: 0.68 | CG6: =CE6+CF6 -> 1.48 | CH6: Ø180Son kapama İzoleli | CI6: 1.809 | CJ6: Ø180Standart Düz Modül 250 mm | CK6: 1.809 | CL6: 180 | CM6: 180 | CN6: 3.14 | CO6: =6/7.3 -> 0.82191781 | CP6: =CM6*CN6*CO6/1000 -> 0.46454795 | CR6: 180 | CS6: =$CQ$2*CR6/1000 -> 1.44 | CT6: 2 | CU6: =CS6+CT6 -> 3.44
A7: 15 | B7: 1 | C7: =C2*B7 -> 6.5 | F7: 200 | G7: 3.14 | H7: 0.25 | I7: =G7*F7*H7/1000 -> 0.157 | J7: =BC7 -> 7.357805 | K7: =H7*J7 -> 1.8394513 | L7: 200 | M7: 200 | N7: 3.14 | O7: 0.4 | P7: 0.8 | Q7: =M7*N7*O7*P7/100 -> 2.0096 | R7: 200 | S7: 3.14 | T7: 0.5 | U7: 0.8 | V7: =R7*S7*T7*U7/100 -> 2.512 | W7: 200 | X7: 3.14 | Y7: 0.6 | Z7: 0.8 | AA7: =W7*X7*Y7*Z7/100 -> 3.0144 | AB7: 200 | AC7: 3.14 | AD7: 0.8 | AE7: 0.8 | AF7: =AB7*AC7*AD7*AE7/100 -> 4.0192 | AG7: 200 | AH7: 3.14 | AI7: 1 | AJ7: 0.8 | AK7: =AG7*AH7*AI7*AJ7/100 -> 5.024 | AM7: 200 | AN7: =R7+25 -> 225 | AO7: 3.14 | AP7: =AN7*AO7/1000 -> 0.7065 | AQ7: 2.45 | AR7: =AP7*AQ7 -> 1.730925 | AS7: 55 | AT7: =AN7+AS7 -> 280 | AU7: =AT7-AM7 -> 80 | AV7: 3.14 | AW7: 0.4 | AX7: 0.8 | AY7: 2 | AZ7: =AT7*AV7*AY7*AW7*AX7/100 -> 5.62688 | BA7: =AZ7+AR7 -> 7.357805 | BB7: 0 | BC7: =BA7+BB7 -> 7.357805 | BE7: 200 | BF7: 200 | BG7: 3.14 | BH7: 0.66 | BI7: =BG7*BF7*BH7/1000 -> 0.41448 | BJ7: =2.5/7.7 -> 0.32467532 | BK7: =BI7+BJ7 -> 0.73915532 | BL7: 200 | BM7: 200 | BN7: 50 | BO7: =BM7+BN7 -> 250 | BP7: 3.14 | BQ7: =BO7*BP7/1000 -> 0.785 | BR7: 0.66 | BS7: =BQ7*BR7 -> 0.5181 | BT7: 200 | BU7: 200 | BV7: 3.14 | BW7: 1.3 | BX7: =BV7*BU7*BW7/1000 -> 0.8164 | BY7: 0.78 | BZ7: =BX7+BY7 -> 1.5964 | CA7: 200 | CB7: =CA7+50 -> 250 | CC7: =BZ10 -> 1.8005 | CD7: 200 | CE7: 0.8 | CF7: 0.68 | CG7: =CE7+CF7 -> 1.48 | CH7: Ø200Son kapama İzoleli | CI7: 2.01 | CJ7: Ø200Standart Düz Modül 250 mm | CK7: 2.261 | CL7: 200 | CM7: 200 | CN7: 3.14 | CO7: =6/7.3 -> 0.82191781 | CP7: =CM7*CN7*CO7/1000 -> 0.51616438 | CR7: 200 | CS7: =$CQ$2*CR7/1000 -> 1.6 | CT7: 2 | CU7: =CS7+CT7 -> 3.6
A8: 30 | B8: 1 | C8: =C2*B8 -> 6.5 | F8: 225 | G8: 3.14 | H8: 0.25 | I8: =G8*F8*H8/1000 -> 0.176625 | J8: =BC8 -> 7.635695 | K8: =H8*J8 -> 1.9089238 | L8: 225 | M8: 225 | N8: 3.14 | O8: 0.4 | P8: 0.8 | Q8: =M8*N8*O8*P8/100 -> 2.2608 | R8: 210 | S8: 3.14 | T8: 0.5 | U8: 0.8 | V8: =R8*S8*T8*U8/100 -> 2.6376 | W8: 210 | X8: 3.14 | Y8: 0.6 | Z8: 0.8 | AA8: =W8*X8*Y8*Z8/100 -> 3.16512 | AB8: 210 | AC8: 3.14 | AD8: 0.8 | AE8: 0.8 | AF8: =AB8*AC8*AD8*AE8/100 -> 4.22016 | AG8: 210 | AH8: 3.14 | AI8: 1 | AJ8: 0.8 | AK8: =AG8*AH8*AI8*AJ8/100 -> 5.2752 | AM8: 225 | AN8: =R8+25 -> 235 | AO8: 3.14 | AP8: =AN8*AO8/1000 -> 0.7379 | AQ8: 2.45 | AR8: =AP8*AQ8 -> 1.807855 | AS8: 55 | AT8: =AN8+AS8 -> 290 | AU8: =AT8-AM8 -> 65 | AV8: 3.14 | AW8: 0.4 | AX8: 0.8 | AY8: 2 | AZ8: =AT8*AV8*AY8*AW8*AX8/100 -> 5.82784 | BA8: =AZ8+AR8 -> 7.635695 | BB8: 0 | BC8: =BA8+BB8 -> 7.635695 | BE8: 225 | BF8: 225 | BG8: 3.14 | BH8: 0.66 | BI8: =BG8*BF8*BH8/1000 -> 0.46629 | BJ8: =2.5/7.7 -> 0.32467532 | BK8: =BI8+BJ8 -> 0.79096532 | BL8: 225 | BM8: 225 | BN8: 50 | BO8: =BM8+BN8 -> 275 | BP8: 3.14 | BQ8: =BO8*BP8/1000 -> 0.8635 | BR8: 0.66 | BS8: =BQ8*BR8 -> 0.56991 | BT8: 225 | BU8: 225 | BV8: 3.14 | BW8: 1.3 | BX8: =BV8*BU8*BW8/1000 -> 0.91845 | BY8: 0.78 | BZ8: =BX8+BY8 -> 1.69845 | CA8: 225 | CB8: =CA8+50 -> 275 | CC8: =BZ12 -> 1.92296 | CD8: 225 | CE8: 0.96 | CF8: 0.68 | CG8: =CE8+CF8 -> 1.64 | CH8: Ø225Son kapama İzoleli | CI8: 2.261 | CJ8: Ø225Standart Düz Modül 250 mm | CK8: 2.412 | CL8: 225 | CM8: 225 | CN8: 3.14 | CO8: =6/7.3 -> 0.82191781 | CP8: =CM8*CN8*CO8/1000 -> 0.58068493 | CR8: 225 | CS8: =$CQ$2*CR8/1000 -> 1.8 | CT8: 2 | CU8: =CS8+CT8 -> 3.8
A9: 45 | B9: 1 | C9: =C2*B9 -> 6.5 | F9: 240 | G9: 3.14 | H9: 0.25 | I9: =G9*F9*H9/1000 -> 0.1884 | J9: =BC9 -> 8.469365 | K9: =H9*J9 -> 2.1173413 | L9: 240 | M9: 240 | N9: 3.14 | O9: 0.4 | P9: 0.8 | Q9: =M9*N9*O9*P9/100 -> 2.41152 | R9: 240 | S9: 3.14 | T9: 0.5 | U9: 0.8 | V9: =R9*S9*T9*U9/100 -> 3.0144 | W9: 240 | X9: 3.14 | Y9: 0.6 | Z9: 0.8 | AA9: =W9*X9*Y9*Z9/100 -> 3.61728 | AB9: 240 | AC9: 3.14 | AD9: 0.8 | AE9: 0.8 | AF9: =AB9*AC9*AD9*AE9/100 -> 4.82304 | AG9: 240 | AH9: 3.14 | AI9: 1 | AJ9: 0.8 | AK9: =AG9*AH9*AI9*AJ9/100 -> 6.0288 | AM9: 240 | AN9: =R9+25 -> 265 | AO9: 3.14 | AP9: =AN9*AO9/1000 -> 0.8321 | AQ9: 2.45 | AR9: =AP9*AQ9 -> 2.038645 | AS9: 55 | AT9: =AN9+AS9 -> 320 | AU9: =AT9-AM9 -> 80 | AV9: 3.14 | AW9: 0.4 | AX9: 0.8 | AY9: 2 | AZ9: =AT9*AV9*AY9*AW9*AX9/100 -> 6.43072 | BA9: =AZ9+AR9 -> 8.469365 | BB9: 0 | BC9: =BA9+BB9 -> 8.469365 | BE9: 240 | BF9: 240 | BG9: 3.14 | BH9: 0.66 | BI9: =BG9*BF9*BH9/1000 -> 0.497376 | BJ9: =2.5/7.7 -> 0.32467532 | BK9: =BI9+BJ9 -> 0.82205132 | BL9: 240 | BM9: 240 | BN9: 50 | BO9: =BM9+BN9 -> 290 | BP9: 3.14 | BQ9: =BO9*BP9/1000 -> 0.9106 | BR9: 0.66 | BS9: =BQ9*BR9 -> 0.600996 | BT9: 240 | BU9: 240 | BV9: 3.14 | BW9: 1.3 | BX9: =BV9*BU9*BW9/1000 -> 0.97968 | BY9: 0.78 | BZ9: =BX9+BY9 -> 1.75968 | CA9: 240 | CB9: =CA9+50 -> 290 | CC9: =BZ13 -> 2.0046 | CD9: 240 | CE9: 0.96 | CF9: 0.68 | CG9: =CE9+CF9 -> 1.64 | CH9: Ø240Son kapama İzoleli | CI9: 2.412 | CJ9: Ø240Standart Düz Modül 250 mm | CK9: 2.512 | CL9: 240 | CM9: 240 | CN9: 3.14 | CO9: =6/7.3 -> 0.82191781 | CP9: =CM9*CN9*CO9/1000 -> 0.61939726 | CR9: 240 | CS9: =$CQ$2*CR9/1000 -> 1.92 | CT9: 2 | CU9: =CS9+CT9 -> 3.92
A10: 60 | B10: 1 | C10: =B10*C2 -> 6.5 | F10: 250 | G10: 3.14 | H10: 0.25 | I10: =G10*F10*H10/1000 -> 0.19625 | J10: =BC10 -> 8.747255 | K10: =H10*J10 -> 2.1868138 | L10: 250 | M10: 250 | N10: 3.14 | O10: 0.4 | P10: 0.8 | Q10: =M10*N10*O10*P10/100 -> 2.512 | R10: 250 | S10: 3.14 | T10: 0.5 | U10: 0.8 | V10: =R10*S10*T10*U10/100 -> 3.14 | W10: 250 | X10: 3.14 | Y10: 0.6 | Z10: 0.8 | AA10: =W10*X10*Y10*Z10/100 -> 3.768 | AB10: 250 | AC10: 3.14 | AD10: 0.8 | AE10: 0.8 | AF10: =AB10*AC10*AD10*AE10/100 -> 5.024 | AG10: 250 | AH10: 3.14 | AI10: 1 | AJ10: 0.8 | AK10: =AG10*AH10*AI10*AJ10/100 -> 6.28 | AM10: 250 | AN10: =R10+25 -> 275 | AO10: 3.14 | AP10: =AN10*AO10/1000 -> 0.8635 | AQ10: 2.45 | AR10: =AP10*AQ10 -> 2.115575 | AS10: 55 | AT10: =AN10+AS10 -> 330 | AU10: =AT10-AM10 -> 80 | AV10: 3.14 | AW10: 0.4 | AX10: 0.8 | AY10: 2 | AZ10: =AT10*AV10*AY10*AW10*AX10/100 -> 6.63168 | BA10: =AZ10+AR10 -> 8.747255 | BB10: 0 | BC10: =BA10+BB10 -> 8.747255 | BE10: 250 | BF10: 250 | BG10: 3.14 | BH10: 0.66 | BI10: =BG10*BF10*BH10/1000 -> 0.5181 | BJ10: =2.5/7.7 -> 0.32467532 | BK10: =BI10+BJ10 -> 0.84277532 | BL10: 250 | BM10: 250 | BN10: 50 | BO10: =BM10+BN10 -> 300 | BP10: 3.14 | BQ10: =BO10*BP10/1000 -> 0.942 | BR10: 0.66 | BS10: =BQ10*BR10 -> 0.62172 | BT10: 250 | BU10: 250 | BV10: 3.14 | BW10: 1.3 | BX10: =BV10*BU10*BW10/1000 -> 1.0205 | BY10: 0.78 | BZ10: =BX10+BY10 -> 1.8005 | CA10: 250 | CB10: =CA10+50 -> 300 | CC10: =BZ13 -> 2.0046 | CD10: 250 | CE10: 1 | CF10: 0.68 | CG10: =CE10+CF10 -> 1.68 | CH10: Ø250Son kapama İzoleli | CI10: 2.512 | CJ10: Ø250Standart Düz Modül 250 mm | CK10: 2.512 | CL10: 250 | CM10: 250 | CN10: 3.14 | CO10: =6/7.3 -> 0.82191781 | CP10: =CM10*CN10*CO10/1000 -> 0.64520548 | CR10: 250 | CS10: =$CQ$2*CR10/1000 -> 2 | CT10: 2 | CU10: =CS10+CT10 -> 4
A11: 90 | B11: 1 | C11: =B11*C2 -> 6.5 | F11: 260 | G11: 3.14 | H11: 0.25 | I11: =G11*F11*H11/1000 -> 0.2041 | J11: =BC11 -> 9.025145 | K11: =H11*J11 -> 2.2562863 | L11: 260 | M11: 260 | N11: 3.14 | O11: 0.4 | P11: 0.8 | Q11: =M11*N11*O11*P11/100 -> 2.61248 | R11: 260 | S11: 3.14 | T11: 0.5 | U11: 0.8 | V11: =R11*S11*T11*U11/100 -> 3.2656 | W11: 260 | X11: 3.14 | Y11: 0.6 | Z11: 0.8 | AA11: =W11*X11*Y11*Z11/100 -> 3.91872 | AB11: 260 | AC11: 3.14 | AD11: 0.8 | AE11: 0.8 | AF11: =AB11*AC11*AD11*AE11/100 -> 5.22496 | AG11: 260 | AH11: 3.14 | AI11: 1 | AJ11: 0.8 | AK11: =AG11*AH11*AI11*AJ11/100 -> 6.5312 | AM11: 260 | AN11: =R11+25 -> 285 | AO11: 3.14 | AP11: =AN11*AO11/1000 -> 0.8949 | AQ11: 2.45 | AR11: =AP11*AQ11 -> 2.192505 | AS11: 55 | AT11: =AN11+AS11 -> 340 | AU11: =AT11-AM11 -> 80 | AV11: 3.14 | AW11: 0.4 | AX11: 0.8 | AY11: 2 | AZ11: =AT11*AV11*AY11*AW11*AX11/100 -> 6.83264 | BA11: =AZ11+AR11 -> 9.025145 | BB11: 0 | BC11: =BA11+BB11 -> 9.025145 | BE11: 260 | BF11: 260 | BG11: 3.14 | BH11: 0.66 | BI11: =BG11*BF11*BH11/1000 -> 0.538824 | BJ11: =2.5/7.7 -> 0.32467532 | BK11: =BI11+BJ11 -> 0.86349932 | BL11: 260 | BM11: 260 | BN11: 50 | BO11: =BM11+BN11 -> 310 | BP11: 3.14 | BQ11: =BO11*BP11/1000 -> 0.9734 | BR11: 0.66 | BS11: =BQ11*BR11 -> 0.642444 | BT11: 260 | BU11: 260 | BV11: 3.14 | BW11: 1.3 | BX11: =BV11*BU11*BW11/1000 -> 1.06132 | BY11: 0.78 | BZ11: =BX11+BY11 -> 1.84132 | CA11: 260 | CB11: =CA11+50 -> 310 | CC11: =BZ14 -> 2.08624 | CD11: 260 | CE11: 1.12 | CF11: 0.68 | CG11: =CE11+CF11 -> 1.8 | CH11: Ø260Son kapama İzoleli | CI11: 2.512 | CJ11: Ø260Standart Düz Modül 250 mm | CK11: 2.813 | CL11: 260 | CM11: 260 | CN11: 3.14 | CO11: =6/7.3 -> 0.82191781 | CP11: =CM11*CN11*CO11/1000 -> 0.6710137 | CR11: 260 | CS11: =$CQ$2*CR11/1000 -> 2.08 | CT11: 2 | CU11: =CS11+CT11 -> 4.08
F12: 280 | G12: 3.14 | H12: 0.25 | I12: =G12*F12*H12/1000 -> 0.2198 | J12: =BC12 -> 9.580925 | K12: =H12*J12 -> 2.3952313 | L12: 280 | M12: 280 | N12: 3.14 | O12: 0.4 | P12: 0.8 | Q12: =M12*N12*O12*P12/100 -> 2.81344 | R12: 280 | S12: 3.14 | T12: 0.5 | U12: 0.8 | V12: =R12*S12*T12*U12/100 -> 3.5168 | W12: 280 | X12: 3.14 | Y12: 0.6 | Z12: 0.8 | AA12: =W12*X12*Y12*Z12/100 -> 4.22016 | AB12: 280 | AC12: 3.14 | AD12: 0.8 | AE12: 0.8 | AF12: =AB12*AC12*AD12*AE12/100 -> 5.62688 | AG12: 280 | AH12: 3.14 | AI12: 1 | AJ12: 0.8 | AK12: =AG12*AH12*AI12*AJ12/100 -> 7.0336 | AM12: 280 | AN12: =R12+25 -> 305 | AO12: 3.14 | AP12: =AN12*AO12/1000 -> 0.9577 | AQ12: 2.45 | AR12: =AP12*AQ12 -> 2.346365 | AS12: 55 | AT12: =AN12+AS12 -> 360 | AU12: =AT12-AM12 -> 80 | AV12: 3.14 | AW12: 0.4 | AX12: 0.8 | AY12: 2 | AZ12: =AT12*AV12*AY12*AW12*AX12/100 -> 7.23456 | BA12: =AZ12+AR12 -> 9.580925 | BB12: 0 | BC12: =BA12+BB12 -> 9.580925 | BE12: 280 | BF12: 280 | BG12: 3.14 | BH12: 0.66 | BI12: =BG12*BF12*BH12/1000 -> 0.580272 | BJ12: =2.5/7.7 -> 0.32467532 | BK12: =BI12+BJ12 -> 0.90494732 | BL12: 280 | BM12: 280 | BN12: 50 | BO12: =BM12+BN12 -> 330 | BP12: 3.14 | BQ12: =BO12*BP12/1000 -> 1.0362 | BR12: 0.66 | BS12: =BQ12*BR12 -> 0.683892 | BT12: 280 | BU12: 280 | BV12: 3.14 | BW12: 1.3 | BX12: =BV12*BU12*BW12/1000 -> 1.14296 | BY12: 0.78 | BZ12: =BX12+BY12 -> 1.92296 | CA12: 280 | CB12: =CA12+50 -> 330 | CC12: =BZ15 -> 2.2087 | CD12: 280 | CE12: 1.12 | CF12: 0.68 | CG12: =CE12+CF12 -> 1.8 | CH12: Ø280Son kapama İzoleli | CI12: 2.813 | CJ12: Ø280Standart Düz Modül 250 mm | CK12: 3.014 | CL12: 280 | CM12: 280 | CN12: 3.14 | CO12: =6/7.3 -> 0.82191781 | CP12: =CM12*CN12*CO12/1000 -> 0.72263014 | CR12: 280 | CS12: =$CQ$2*CR12/1000 -> 2.24 | CT12: 2 | CU12: =CS12+CT12 -> 4.24
F13: 300 | G13: 3.14 | H13: 0.25 | I13: =G13*F13*H13/1000 -> 0.2355 | J13: =BC13 -> 10.136705 | K13: =H13*J13 -> 2.5341763 | L13: 300 | M13: 300 | N13: 3.14 | O13: 0.4 | P13: 0.8 | Q13: =M13*N13*O13*P13/100 -> 3.0144 | R13: 300 | S13: 3.14 | T13: 0.5 | U13: 0.8 | V13: =R13*S13*T13*U13/100 -> 3.768 | W13: 300 | X13: 3.14 | Y13: 0.6 | Z13: 0.8 | AA13: =W13*X13*Y13*Z13/100 -> 4.5216 | AB13: 300 | AC13: 3.14 | AD13: 0.8 | AE13: 0.8 | AF13: =AB13*AC13*AD13*AE13/100 -> 6.0288 | AG13: 300 | AH13: 3.14 | AI13: 1 | AJ13: 0.8 | AK13: =AG13*AH13*AI13*AJ13/100 -> 7.536 | AM13: 300 | AN13: =R13+25 -> 325 | AO13: 3.14 | AP13: =AN13*AO13/1000 -> 1.0205 | AQ13: 2.45 | AR13: =AP13*AQ13 -> 2.500225 | AS13: 55 | AT13: =AN13+AS13 -> 380 | AU13: =AT13-AM13 -> 80 | AV13: 3.14 | AW13: 0.4 | AX13: 0.8 | AY13: 2 | AZ13: =AT13*AV13*AY13*AW13*AX13/100 -> 7.63648 | BA13: =AZ13+AR13 -> 10.136705 | BB13: 0 | BC13: =BA13+BB13 -> 10.136705 | BE13: 300 | BF13: 300 | BG13: 3.14 | BH13: 0.66 | BI13: =BG13*BF13*BH13/1000 -> 0.62172 | BJ13: =2.5/7.7 -> 0.32467532 | BK13: =BI13+BJ13 -> 0.94639532 | BL13: 300 | BM13: 300 | BN13: 50 | BO13: =BM13+BN13 -> 350 | BP13: 3.14 | BQ13: =BO13*BP13/1000 -> 1.099 | BR13: 0.66 | BS13: =BQ13*BR13 -> 0.72534 | BT13: 300 | BU13: 300 | BV13: 3.14 | BW13: 1.3 | BX13: =BV13*BU13*BW13/1000 -> 1.2246 | BY13: 0.78 | BZ13: =BX13+BY13 -> 2.0046 | CA13: 300 | CB13: =CA13+50 -> 350 | CC13: =BZ15 -> 2.2087 | CD13: 300 | CE13: 1.12 | CF13: 0.68 | CG13: =CE13+CF13 -> 1.8 | CH13: Ø300Son kapama İzoleli | CI13: 3.014 | CJ13: Ø300Standart Düz Modül 250 mm | CK13: 3.215 | CL13: 300 | CM13: 300 | CN13: 3.14 | CO13: =6/7.3 -> 0.82191781 | CP13: =CM13*CN13*CO13/1000 -> 0.77424658 | CR13: 300 | CS13: =$CQ$2*CR13/1000 -> 2.4 | CT13: 2 | CU13: =CS13+CT13 -> 4.4
F14: 320 | G14: 3.14 | H14: 0.25 | I14: =G14*F14*H14/1000 -> 0.2512 | J14: =BC14 -> 10.692485 | K14: =H14*J14 -> 2.6731213 | L14: 320 | M14: 320 | N14: 3.14 | O14: 0.4 | P14: 0.8 | Q14: =M14*N14*O14*P14/100 -> 3.21536 | R14: 320 | S14: 3.14 | T14: 0.5 | U14: 0.8 | V14: =R14*S14*T14*U14/100 -> 4.0192 | W14: 320 | X14: 3.14 | Y14: 0.6 | Z14: 0.8 | AA14: =W14*X14*Y14*Z14/100 -> 4.82304 | AB14: 320 | AC14: 3.14 | AD14: 0.8 | AE14: 0.8 | AF14: =AB14*AC14*AD14*AE14/100 -> 6.43072 | AG14: 320 | AH14: 3.14 | AI14: 1 | AJ14: 0.8 | AK14: =AG14*AH14*AI14*AJ14/100 -> 8.0384 | AM14: 320 | AN14: =R14+25 -> 345 | AO14: 3.14 | AP14: =AN14*AO14/1000 -> 1.0833 | AQ14: 2.45 | AR14: =AP14*AQ14 -> 2.654085 | AS14: 55 | AT14: =AN14+AS14 -> 400 | AU14: =AT14-AM14 -> 80 | AV14: 3.14 | AW14: 0.4 | AX14: 0.8 | AY14: 2 | AZ14: =AT14*AV14*AY14*AW14*AX14/100 -> 8.0384 | BA14: =AZ14+AR14 -> 10.692485 | BB14: 0 | BC14: =BA14+BB14 -> 10.692485 | BE14: 320 | BF14: 320 | BG14: 3.14 | BH14: 0.66 | BI14: =BG14*BF14*BH14/1000 -> 0.663168 | BJ14: =2.5/7.7 -> 0.32467532 | BK14: =BI14+BJ14 -> 0.98784332 | BL14: 320 | BM14: 320 | BN14: 50 | BO14: =BM14+BN14 -> 370 | BP14: 3.14 | BQ14: =BO14*BP14/1000 -> 1.1618 | BR14: 0.66 | BS14: =BQ14*BR14 -> 0.766788 | BT14: 320 | BU14: 320 | BV14: 3.14 | BW14: 1.3 | BX14: =BV14*BU14*BW14/1000 -> 1.30624 | BY14: 0.78 | BZ14: =BX14+BY14 -> 2.08624 | CA14: 320 | CB14: =CA14+50 -> 370 | CC14: =BZ16 -> 2.37198 | CD14: 320 | CE14: 1.28 | CF14: 0.68 | CG14: =CE14+CF14 -> 1.96 | CH14: Ø320Son kapama İzoleli | CI14: 3.215 | CJ14: Ø320Standart Düz Modül 250 mm | CK14: 3.517 | CL14: 320 | CM14: 320 | CN14: 3.14 | CO14: =6/7.3 -> 0.82191781 | CP14: =CM14*CN14*CO14/1000 -> 0.82586301 | CR14: 320 | CS14: =$CQ$2*CR14/1000 -> 2.56 | CT14: 2 | CU14: =CS14+CT14 -> 4.56
F15: 350 | G15: 3.14 | H15: 0.25 | I15: =G15*F15*H15/1000 -> 0.27475 | J15: =BC15 -> 11.526155 | K15: =H15*J15 -> 2.8815388 | L15: 350 | M15: 350 | N15: 3.14 | O15: 0.4 | P15: 0.8 | Q15: =M15*N15*O15*P15/100 -> 3.5168 | R15: 350 | S15: 3.14 | T15: 0.5 | U15: 0.8 | V15: =R15*S15*T15*U15/100 -> 4.396 | W15: 350 | X15: 3.14 | Y15: 0.6 | Z15: 0.8 | AA15: =W15*X15*Y15*Z15/100 -> 5.2752 | AB15: 350 | AC15: 3.14 | AD15: 0.8 | AE15: 0.8 | AF15: =AB15*AC15*AD15*AE15/100 -> 7.0336 | AG15: 350 | AH15: 3.14 | AI15: 1 | AJ15: 0.8 | AK15: =AG15*AH15*AI15*AJ15/100 -> 8.792 | AM15: 350 | AN15: =R15+25 -> 375 | AO15: 3.14 | AP15: =AN15*AO15/1000 -> 1.1775 | AQ15: 2.45 | AR15: =AP15*AQ15 -> 2.884875 | AS15: 55 | AT15: =AN15+AS15 -> 430 | AU15: =AT15-AM15 -> 80 | AV15: 3.14 | AW15: 0.4 | AX15: 0.8 | AY15: 2 | AZ15: =AT15*AV15*AY15*AW15*AX15/100 -> 8.64128 | BA15: =AZ15+AR15 -> 11.526155 | BB15: 0 | BC15: =BA15+BB15 -> 11.526155 | BE15: 350 | BF15: 350 | BG15: 3.14 | BH15: 0.66 | BI15: =BG15*BF15*BH15/1000 -> 0.72534 | BJ15: =2.5/7.7 -> 0.32467532 | BK15: =BI15+BJ15 -> 1.0500153 | BL15: 350 | BM15: 350 | BN15: 50 | BO15: =BM15+BN15 -> 400 | BP15: 3.14 | BQ15: =BO15*BP15/1000 -> 1.256 | BR15: 0.66 | BS15: =BQ15*BR15 -> 0.82896 | BT15: 350 | BU15: 350 | BV15: 3.14 | BW15: 1.3 | BX15: =BV15*BU15*BW15/1000 -> 1.4287 | BY15: 0.78 | BZ15: =BX15+BY15 -> 2.2087 | CA15: 350 | CB15: =CA15+50 -> 400 | CC15: =BZ17 -> 2.4128 | CD15: 350 | CE15: 1.28 | CF15: 0.68 | CG15: =CE15+CF15 -> 1.96 | CH15: Ø350Son kapama İzoleli | CI15: 3.517 | CJ15: Ø350Standart Düz Modül 250 mm | CK15: 3.919 | CL15: 350 | CM15: 350 | CN15: 3.14 | CO15: =6/7.3 -> 0.82191781 | CP15: =CM15*CN15*CO15/1000 -> 0.90328767 | CR15: 350 | CS15: =$CQ$2*CR15/1000 -> 2.8 | CT15: 2 | CU15: =CS15+CT15 -> 4.8
F16: 380 | G16: 3.14 | H16: 0.25 | I16: =G16*F16*H16/1000 -> 0.2983 | J16: =BC16 -> 12.359825 | K16: =H16*J16 -> 3.0899563 | L16: 380 | M16: 380 | N16: 3.14 | O16: 0.4 | P16: 0.8 | Q16: =M16*N16*O16*P16/100 -> 3.81824 | R16: 380 | S16: 3.14 | T16: 0.5 | U16: 0.8 | V16: =R16*S16*T16*U16/100 -> 4.7728 | W16: 380 | X16: 3.14 | Y16: 0.6 | Z16: 0.8 | AA16: =W16*X16*Y16*Z16/100 -> 5.72736 | AB16: 380 | AC16: 3.14 | AD16: 0.8 | AE16: 0.8 | AF16: =AB16*AC16*AD16*AE16/100 -> 7.63648 | AG16: 380 | AH16: 3.14 | AI16: 1 | AJ16: 0.8 | AK16: =AG16*AH16*AI16*AJ16/100 -> 9.5456 | AM16: 380 | AN16: =R16+25 -> 405 | AO16: 3.14 | AP16: =AN16*AO16/1000 -> 1.2717 | AQ16: 2.45 | AR16: =AP16*AQ16 -> 3.115665 | AS16: 55 | AT16: =AN16+AS16 -> 460 | AU16: =AT16-AM16 -> 80 | AV16: 3.14 | AW16: 0.4 | AX16: 0.8 | AY16: 2 | AZ16: =AT16*AV16*AY16*AW16*AX16/100 -> 9.24416 | BA16: =AZ16+AR16 -> 12.359825 | BB16: 0 | BC16: =BA16+BB16 -> 12.359825 | BE16: 390 | BF16: 390 | BG16: 3.14 | BH16: 0.66 | BI16: =BG16*BF16*BH16/1000 -> 0.808236 | BJ16: =2.5/7.7 -> 0.32467532 | BK16: =BI16+BJ16 -> 1.1329113 | BL16: 390 | BM16: 390 | BN16: 50 | BO16: =BM16+BN16 -> 440 | BP16: 3.14 | BQ16: =BO16*BP16/1000 -> 1.3816 | BR16: 0.66 | BS16: =BQ16*BR16 -> 0.911856 | BT16: 390 | BU16: 390 | BV16: 3.14 | BW16: 1.3 | BX16: =BV16*BU16*BW16/1000 -> 1.59198 | BY16: 0.78 | BZ16: =BX16+BY16 -> 2.37198 | CA16: 390 | CB16: =CA16+50 -> 440 | CC16: 2.4128 | CD16: 400 | CE16: 1.44 | CF16: 0.68 | CG16: =CE16+CF16 -> 2.12 | CH16: Ø400Son kapama İzoleli | CI16: 3.919 | CJ16: Ø390Standart Düz Modül 250 mm | CK16: 4.522 | CL16: 390 | CM16: 390 | CN16: 3.14 | CO16: =6/7.3 -> 0.82191781 | CP16: =CM16*CN16*CO16/1000 -> 1.0065205 | CR16: 380 | CS16: =$CQ$2*CR16/1000 -> 3.04 | CT16: 2 | CU16: =CS16+CT16 -> 5.04
F17: 400 | G17: 3.14 | H17: 0.25 | I17: =G17*F17*H17/1000 -> 0.314 | J17: =BC17 -> 12.915605 | K17: =H17*J17 -> 3.2289013 | L17: 400 | M17: 400 | N17: 3.14 | O17: 0.4 | P17: 0.8 | Q17: =M17*N17*O17*P17/100 -> 4.0192 | R17: 400 | S17: 3.14 | T17: 0.5 | U17: 0.8 | V17: =R17*S17*T17*U17/100 -> 5.024 | W17: 400 | X17: 3.14 | Y17: 0.6 | Z17: 0.8 | AA17: =W17*X17*Y17*Z17/100 -> 6.0288 | AB17: 400 | AC17: 3.14 | AD17: 0.8 | AE17: 0.8 | AF17: =AB17*AC17*AD17*AE17/100 -> 8.0384 | AG17: 400 | AH17: 3.14 | AI17: 1 | AJ17: 0.8 | AK17: =AG17*AH17*AI17*AJ17/100 -> 10.048 | AM17: 400 | AN17: =R17+25 -> 425 | AO17: 3.14 | AP17: =AN17*AO17/1000 -> 1.3345 | AQ17: 2.45 | AR17: =AP17*AQ17 -> 3.269525 | AS17: 55 | AT17: =AN17+AS17 -> 480 | AU17: =AT17-AM17 -> 80 | AV17: 3.14 | AW17: 0.4 | AX17: 0.8 | AY17: 2 | AZ17: =AT17*AV17*AY17*AW17*AX17/100 -> 9.64608 | BA17: =AZ17+AR17 -> 12.915605 | BB17: 0 | BC17: =BA17+BB17 -> 12.915605 | BE17: 400 | BF17: 400 | BG17: 3.14 | BH17: 0.66 | BI17: =BG17*BF17*BH17/1000 -> 0.82896 | BJ17: =2.5/7.7 -> 0.32467532 | BK17: =BI17+BJ17 -> 1.1536353 | BL17: 400 | BM17: 400 | BN17: 50 | BO17: =BM17+BN17 -> 450 | BP17: 3.14 | BQ17: =BO17*BP17/1000 -> 1.413 | BR17: 0.66 | BS17: =BQ17*BR17 -> 0.93258 | BT17: 400 | BU17: 400 | BV17: 3.14 | BW17: 1.3 | BX17: =BV17*BU17*BW17/1000 -> 1.6328 | BY17: 0.78 | BZ17: =BX17+BY17 -> 2.4128 | CA17: 400 | CB17: =CA17+50 -> 450 | CC17: =BZ18 -> 2.6169 | CD17: 450 | CE17: 2 | CF17: 0.68 | CG17: =CE17+CF17 -> 2.68 | CH17: Ø450Son kapama İzoleli | CI17: 4.522 | CJ17: Ø450Standart Düz Modül 250 mm | CK17: 5.024 | CL17: 400 | CM17: 400 | CN17: 3.14 | CO17: =6/7.3 -> 0.82191781 | CP17: =CM17*CN17*CO17/1000 -> 1.0323288 | CR17: 400 | CS17: =$CQ$2*CR17/1000 -> 3.2 | CT17: 2 | CU17: =CS17+CT17 -> 5.2
F18: 450 | G18: 3.14 | H18: 0.25 | I18: =G18*F18*H18/1000 -> 0.35325 | J18: =BC18 -> 14.305055 | K18: =H18*J18 -> 3.5762638 | L18: 450 | M18: 450 | N18: 3.14 | O18: 0.4 | P18: 0.8 | Q18: =M18*N18*O18*P18/100 -> 4.5216 | R18: 450 | S18: 3.14 | T18: 0.5 | U18: 0.8 | V18: =R18*S18*T18*U18/100 -> 5.652 | W18: 450 | X18: 3.14 | Y18: 0.6 | Z18: 0.8 | AA18: =W18*X18*Y18*Z18/100 -> 6.7824 | AB18: 450 | AC18: 3.14 | AD18: 0.8 | AE18: 0.8 | AF18: =AB18*AC18*AD18*AE18/100 -> 9.0432 | AG18: 450 | AH18: 3.14 | AI18: 1 | AJ18: 0.8 | AK18: =AG18*AH18*AI18*AJ18/100 -> 11.304 | AM18: 450 | AN18: =R18+25 -> 475 | AO18: 3.14 | AP18: =AN18*AO18/1000 -> 1.4915 | AQ18: 2.45 | AR18: =AP18*AQ18 -> 3.654175 | AS18: 55 | AT18: =AN18+AS18 -> 530 | AU18: =AT18-AM18 -> 80 | AV18: 3.14 | AW18: 0.4 | AX18: 0.8 | AY18: 2 | AZ18: =AT18*AV18*AY18*AW18*AX18/100 -> 10.65088 | BA18: =AZ18+AR18 -> 14.305055 | BB18: 0 | BC18: =BA18+BB18 -> 14.305055 | BE18: 450 | BF18: 450 | BG18: 3.14 | BH18: 0.66 | BI18: =BG18*BF18*BH18/1000 -> 0.93258 | BJ18: =2.5/7.7 -> 0.32467532 | BK18: =BI18+BJ18 -> 1.2572553 | BL18: 450 | BM18: 450 | BN18: 50 | BO18: =BM18+BN18 -> 500 | BP18: 3.14 | BQ18: =BO18*BP18/1000 -> 1.57 | BR18: 0.66 | BS18: =BQ18*BR18 -> 1.0362 | BT18: 450 | BU18: 450 | BV18: 3.14 | BW18: 1.3 | BX18: =BV18*BU18*BW18/1000 -> 1.8369 | BY18: 0.78 | BZ18: =BX18+BY18 -> 2.6169 | CA18: 450 | CB18: =CA18+50 -> 500 | CC18: =BZ19 -> 2.821 | CD18: 500 | CE18: 2.2 | CF18: 0.68 | CG18: =CE18+CF18 -> 2.88 | CH18: Ø500Son kapama İzoleli | CI18: 5.024 | CJ18: Ø500Standart Düz Modül 250 mm | CK18: 5.526 | CL18: 450 | CM18: 450 | CN18: 3.14 | CO18: =6/7.3 -> 0.82191781 | CP18: =CM18*CN18*CO18/1000 -> 1.1613699 | CR18: 450 | CS18: =$CQ$2*CR18/1000 -> 3.6 | CT18: 2 | CU18: =CS18+CT18 -> 5.6
F19: 500 | G19: 3.14 | H19: 0.25 | I19: =G19*F19*H19/1000 -> 0.3925 | J19: =BC19 -> 18.608425 | K19: =H19*J19 -> 4.6521063 | L19: 500 | M19: 500 | N19: 3.14 | O19: 0.4 | P19: 0.8 | Q19: =M19*N19*O19*P19/100 -> 5.024 | R19: 500 | S19: 3.14 | T19: 0.5 | U19: 0.8 | V19: =R19*S19*T19*U19/100 -> 6.28 | W19: 500 | X19: 3.14 | Y19: 0.6 | Z19: 0.8 | AA19: =W19*X19*Y19*Z19/100 -> 7.536 | AB19: 500 | AC19: 3.14 | AD19: 0.8 | AE19: 0.8 | AF19: =AB19*AC19*AD19*AE19/100 -> 10.048 | AG19: 500 | AH19: 3.14 | AI19: 1 | AJ19: 0.8 | AK19: =AG19*AH19*AI19*AJ19/100 -> 12.56 | AM19: 500 | AN19: =R19+25 -> 525 | AO19: 3.14 | AP19: =AN19*AO19/1000 -> 1.6485 | AQ19: 2.45 | AR19: =AP19*AQ19 -> 4.038825 | AS19: 55 | AT19: =AN19+AS19 -> 580 | AU19: =AT19-AM19 -> 80 | AV19: 3.14 | AW19: 0.5 | AX19: 0.8 | AY19: 2 | AZ19: =AT19*AV19*AY19*AW19*AX19/100 -> 14.5696 | BA19: =AZ19+AR19 -> 18.608425 | BB19: 0 | BC19: =BA19+BB19 -> 18.608425 | BE19: 500 | BF19: 500 | BG19: 3.14 | BH19: 0.66 | BI19: =BG19*BF19*BH19/1000 -> 1.0362 | BJ19: =2.5/7.7 -> 0.32467532 | BK19: =BI19+BJ19 -> 1.3608753 | BL19: 500 | BM19: 500 | BN19: 50 | BO19: =BM19+BN19 -> 550 | BP19: 3.14 | BQ19: =BO19*BP19/1000 -> 1.727 | BR19: 0.66 | BS19: =BQ19*BR19 -> 1.13982 | BT19: 500 | BU19: 500 | BV19: 3.14 | BW19: 1.3 | BX19: =BV19*BU19*BW19/1000 -> 2.041 | BY19: 0.78 | BZ19: =BX19+BY19 -> 2.821 | CA19: 500 | CB19: =CA19+50 -> 550 | CC19: =BZ20 -> 3.0251 | CD19: 550 | CE19: 2.5 | CF19: 0.68 | CG19: =CE19+CF19 -> 3.18 | CI19: 5.526 | CJ19: Ø550Standart Düz Modül 250 mm | CK19: 5.526 | CL19: 500 | CM19: 500 | CN19: 3.14 | CO19: =6/7.3 -> 0.82191781 | CP19: =CM19*CN19*CO19/1000 -> 1.290411 | CR19: 500 | CS19: =$CQ$2*CR19/1000 -> 4 | CT19: 2 | CU19: =CS19+CT19 -> 6
F20: 550 | G20: 3.14 | H20: 0.25 | I20: =G20*F20*H20/1000 -> 0.43175 | J20: =BC20 -> 20.249075 | K20: =H20*J20 -> 5.0622688 | L20: 550 | M20: 550 | N20: 3.14 | O20: 0.4 | P20: 0.8 | Q20: =M20*N20*O20*P20/100 -> 5.5264 | R20: 550 | S20: 3.14 | T20: 0.5 | U20: 0.8 | V20: =R20*S20*T20*U20/100 -> 6.908 | W20: 550 | X20: 3.14 | Y20: 0.6 | Z20: 0.8 | AA20: =W20*X20*Y20*Z20/100 -> 8.2896 | AB20: 550 | AC20: 3.14 | AD20: 0.8 | AE20: 0.8 | AF20: =AB20*AC20*AD20*AE20/100 -> 11.0528 | AG20: 550 | AH20: 3.14 | AI20: 1 | AJ20: 0.8 | AK20: =AG20*AH20*AI20*AJ20/100 -> 13.816 | AM20: 550 | AN20: =R20+25 -> 575 | AO20: 3.14 | AP20: =AN20*AO20/1000 -> 1.8055 | AQ20: 2.45 | AR20: =AP20*AQ20 -> 4.423475 | AS20: 55 | AT20: =AN20+AS20 -> 630 | AU20: =AT20-AM20 -> 80 | AV20: 3.14 | AW20: 0.5 | AX20: 0.8 | AY20: 2 | AZ20: =AT20*AV20*AY20*AW20*AX20/100 -> 15.8256 | BA20: =AZ20+AR20 -> 20.249075 | BB20: 0 | BC20: =BA20+BB20 -> 20.249075 | BE20: 550 | BF20: 550 | BG20: 3.14 | BH20: 0.66 | BI20: =BG20*BF20*BH20/1000 -> 1.13982 | BJ20: =2.5/7.7 -> 0.32467532 | BK20: =BI20+BJ20 -> 1.4644953 | BL20: 550 | BM20: 550 | BN20: 50 | BO20: =BM20+BN20 -> 600 | BP20: 3.14 | BQ20: =BO20*BP20/1000 -> 1.884 | BR20: 0.66 | BS20: =BQ20*BR20 -> 1.24344 | BT20: 550 | BU20: 550 | BV20: 3.14 | BW20: 1.3 | BX20: =BV20*BU20*BW20/1000 -> 2.2451 | BY20: 0.78 | BZ20: =BX20+BY20 -> 3.0251 | CA20: 550 | CB20: =CA20+50 -> 600 | CC20: =BZ21 -> 3.2292 | CD20: 600 | CE20: 2.8 | CF20: 0.68 | CG20: =CE20+CF20 -> 3.48 | CI20: 6.029 | CJ20: Ø600Standart Düz Modül 250 mm | CK20: 6.029 | CL20: 550 | CM20: 550 | CN20: 3.14 | CO20: =6/7.3 -> 0.82191781 | CP20: =CM20*CN20*CO20/1000 -> 1.4194521 | CR20: 550 | CS20: =$CQ$2*CR20/1000 -> 4.4 | CT20: 2 | CU20: =CS20+CT20 -> 6.4
F21: 600 | G21: 3.14 | H21: 0.25 | I21: =G21*F21*H21/1000 -> 0.471 | J21: =BC21 -> 21.889725 | K21: =H21*J21 -> 5.4724313 | L21: 600 | M21: 600 | N21: 3.14 | O21: 0.4 | P21: 0.8 | Q21: =M21*N21*O21*P21/100 -> 6.0288 | R21: 600 | S21: 3.14 | T21: 0.5 | U21: 0.8 | V21: =R21*S21*T21*U21/100 -> 7.536 | W21: 600 | X21: 3.14 | Y21: 0.6 | Z21: 0.8 | AA21: =W21*X21*Y21*Z21/100 -> 9.0432 | AB21: 600 | AC21: 3.14 | AD21: 0.8 | AE21: 0.8 | AF21: =AB21*AC21*AD21*AE21/100 -> 12.0576 | AG21: 600 | AH21: 3.14 | AI21: 1 | AJ21: 0.8 | AK21: =AG21*AH21*AI21*AJ21/100 -> 15.072 | AM21: 600 | AN21: =R21+25 -> 625 | AO21: 3.14 | AP21: =AN21*AO21/1000 -> 1.9625 | AQ21: 2.45 | AR21: =AP21*AQ21 -> 4.808125 | AS21: 55 | AT21: =AN21+AS21 -> 680 | AU21: =AT21-AM21 -> 80 | AV21: 3.14 | AW21: 0.5 | AX21: 0.8 | AY21: 2 | AZ21: =AT21*AV21*AY21*AW21*AX21/100 -> 17.0816 | BA21: =AZ21+AR21 -> 21.889725 | BB21: 0 | BC21: =BA21+BB21 -> 21.889725 | BE21: 600 | BF21: 600 | BG21: 3.14 | BH21: 0.66 | BI21: =BG21*BF21*BH21/1000 -> 1.24344 | BJ21: =2.5/7.7 -> 0.32467532 | BK21: =BI21+BJ21 -> 1.5681153 | BL21: 600 | BM21: 600 | BN21: 50 | BO21: =BM21+BN21 -> 650 | BP21: 3.14 | BQ21: =BO21*BP21/1000 -> 2.041 | BR21: 0.66 | BS21: =BQ21*BR21 -> 1.34706 | BT21: 600 | BU21: 600 | BV21: 3.14 | BW21: 1.3 | BX21: =BV21*BU21*BW21/1000 -> 2.4492 | BY21: 0.78 | BZ21: =BX21+BY21 -> 3.2292 | CA21: 600 | CB21: =CA21+50 -> 650 | CC21: =BZ22 -> 3.4333 | CD21: 650 | CE21: 3.1 | CF21: 0.68 | CG21: =CE21+CF21 -> 3.78 | CI21: 6.5312 | CJ21: Ø650Standart Düz Modül 250 mm | CK21: 6.5312 | CL21: 600 | CM21: 600 | CN21: 3.14 | CO21: =6/7.3 -> 0.82191781 | CP21: =CM21*CN21*CO21/1000 -> 1.5484932 | CR21: 600 | CS21: =$CQ$2*CR21/1000 -> 4.8 | CT21: 2 | CU21: =CS21+CT21 -> 6.8
F22: 650 | G22: 3.14 | H22: 0.25 | I22: =G22*F22*H22/1000 -> 0.51025 | J22: =BC22 -> 23.530375 | K22: =H22*J22 -> 5.8825938 | L22: 650 | M22: 650 | N22: 3.14 | O22: 0.4 | P22: 0.8 | Q22: =M22*N22*O22*P22/100 -> 6.5312 | R22: 650 | S22: 3.14 | T22: 0.5 | U22: 0.8 | V22: =R22*S22*T22*U22/100 -> 8.164 | W22: 650 | X22: 3.14 | Y22: 0.6 | Z22: 0.8 | AA22: =W22*X22*Y22*Z22/100 -> 9.7968 | AB22: 650 | AC22: 3.14 | AD22: 0.8 | AE22: 0.8 | AF22: =AB22*AC22*AD22*AE22/100 -> 13.0624 | AG22: 650 | AH22: 3.14 | AI22: 1 | AJ22: 0.8 | AK22: =AG22*AH22*AI22*AJ22/100 -> 16.328 | AM22: 650 | AN22: =R22+25 -> 675 | AO22: 3.14 | AP22: =AN22*AO22/1000 -> 2.1195 | AQ22: 2.45 | AR22: =AP22*AQ22 -> 5.192775 | AS22: 55 | AT22: =AN22+AS22 -> 730 | AU22: =AT22-AM22 -> 80 | AV22: 3.14 | AW22: 0.5 | AX22: 0.8 | AY22: 2 | AZ22: =AT22*AV22*AY22*AW22*AX22/100 -> 18.3376 | BA22: =AZ22+AR22 -> 23.530375 | BB22: 0 | BC22: =BA22+BB22 -> 23.530375 | BE22: 650 | BF22: 650 | BG22: 3.14 | BH22: 0.66 | BI22: =BG22*BF22*BH22/1000 -> 1.34706 | BJ22: =2.5/7.7 -> 0.32467532 | BK22: =BI22+BJ22 -> 1.6717353 | BL22: 650 | BM22: 650 | BN22: 50 | BO22: =BM22+BN22 -> 700 | BP22: 3.14 | BQ22: =BO22*BP22/1000 -> 2.198 | BR22: 0.66 | BS22: =BQ22*BR22 -> 1.45068 | BT22: 650 | BU22: 650 | BV22: 3.14 | BW22: 1.3 | BX22: =BV22*BU22*BW22/1000 -> 2.6533 | BY22: 0.78 | BZ22: =BX22+BY22 -> 3.4333 | CA22: 650 | CB22: =CA22+50 -> 700 | CC22: =BZ23 -> 3.6374 | CD22: 700 | CE22: 3.4 | CF22: 0.68 | CG22: =CE22+CF22 -> 4.08 | CI22: 7.0336 | CJ22: Ø700Standart Düz Modül 250 mm | CK22: 7.0336 | CL22: 650 | CM22: 650 | CN22: 3.14 | CO22: =6/7.3 -> 0.82191781 | CP22: =CM22*CN22*CO22/1000 -> 1.6775342 | CR22: 650 | CS22: =$CQ$2*CR22/1000 -> 5.2 | CT22: 2 | CU22: =CS22+CT22 -> 7.2
F23: 700 | G23: 3.14 | H23: 0.25 | I23: =G23*F23*H23/1000 -> 0.5495 | J23: =BC23 -> 25.171025 | K23: =H23*J23 -> 6.2927563 | L23: 700 | M23: 700 | N23: 3.14 | O23: 0.4 | P23: 0.8 | Q23: =M23*N23*O23*P23/100 -> 7.0336 | R23: 700 | S23: 3.14 | T23: 0.5 | U23: 0.8 | V23: =R23*S23*T23*U23/100 -> 8.792 | W23: 700 | X23: 3.14 | Y23: 0.6 | Z23: 0.8 | AA23: =W23*X23*Y23*Z23/100 -> 10.5504 | AB23: 700 | AC23: 3.14 | AD23: 0.8 | AE23: 0.8 | AF23: =AB23*AC23*AD23*AE23/100 -> 14.0672 | AG23: 700 | AH23: 3.14 | AI23: 1 | AJ23: 0.8 | AK23: =AG23*AH23*AI23*AJ23/100 -> 17.584 | AM23: 700 | AN23: =R23+25 -> 725 | AO23: 3.14 | AP23: =AN23*AO23/1000 -> 2.2765 | AQ23: 2.45 | AR23: =AP23*AQ23 -> 5.577425 | AS23: 55 | AT23: =AN23+AS23 -> 780 | AU23: =AT23-AM23 -> 80 | AV23: 3.14 | AW23: 0.5 | AX23: 0.8 | AY23: 2 | AZ23: =AT23*AV23*AY23*AW23*AX23/100 -> 19.5936 | BA23: =AZ23+AR23 -> 25.171025 | BB23: 0 | BC23: =BA23+BB23 -> 25.171025 | BE23: 700 | BF23: 700 | BG23: 3.14 | BH23: 0.66 | BI23: =BG23*BF23*BH23/1000 -> 1.45068 | BJ23: =2.5/7.7 -> 0.32467532 | BK23: =BI23+BJ23 -> 1.7753553 | BL23: 700 | BM23: 700 | BN23: 50 | BO23: =BM23+BN23 -> 750 | BP23: 3.14 | BQ23: =BO23*BP23/1000 -> 2.355 | BR23: 0.66 | BS23: =BQ23*BR23 -> 1.5543 | BT23: 700 | BU23: 700 | BV23: 3.14 | BW23: 1.3 | BX23: =BV23*BU23*BW23/1000 -> 2.8574 | BY23: 0.78 | BZ23: =BX23+BY23 -> 3.6374 | CA23: 700 | CB23: =CA23+50 -> 750 | CC23: =BZ24 -> 3.8415 | CD23: 750 | CE23: 3.7 | CF23: 0.68 | CG23: =CE23+CF23 -> 4.38 | CI23: 7.536 | CJ23: Ø750Standart Düz Modül 250 mm | CK23: 7.536 | CL23: 700 | CM23: 700 | CN23: 3.14 | CO23: =6/7.3 -> 0.82191781 | CP23: =CM23*CN23*CO23/1000 -> 1.8065753 | CR23: 700 | CS23: =$CQ$2*CR23/1000 -> 5.6 | CT23: 2 | CU23: =CS23+CT23 -> 7.6
F24: 750 | G24: 3.14 | H24: 0.25 | I24: =G24*F24*H24/1000 -> 0.58875 | J24: =BC24 -> 26.811675 | K24: =H24*J24 -> 6.7029188 | L24: 750 | M24: 750 | N24: 3.14 | O24: 0.4 | P24: 0.8 | Q24: =M24*N24*O24*P24/100 -> 7.536 | R24: 750 | S24: 3.14 | T24: 0.5 | U24: 0.8 | V24: =R24*S24*T24*U24/100 -> 9.42 | W24: 750 | X24: 3.14 | Y24: 0.6 | Z24: 0.8 | AA24: =W24*X24*Y24*Z24/100 -> 11.304 | AB24: 750 | AC24: 3.14 | AD24: 0.8 | AE24: 0.8 | AF24: =AB24*AC24*AD24*AE24/100 -> 15.072 | AG24: 750 | AH24: 3.14 | AI24: 1 | AJ24: 0.8 | AK24: =AG24*AH24*AI24*AJ24/100 -> 18.84 | AM24: 750 | AN24: =R24+25 -> 775 | AO24: 3.14 | AP24: =AN24*AO24/1000 -> 2.4335 | AQ24: 2.45 | AR24: =AP24*AQ24 -> 5.962075 | AS24: 55 | AT24: =AN24+AS24 -> 830 | AU24: =AT24-AM24 -> 80 | AV24: 3.14 | AW24: 0.5 | AX24: 0.8 | AY24: 2 | AZ24: =AT24*AV24*AY24*AW24*AX24/100 -> 20.8496 | BA24: =AZ24+AR24 -> 26.811675 | BB24: 0 | BC24: =BA24+BB24 -> 26.811675 | BE24: 750 | BF24: 750 | BG24: 3.14 | BH24: 0.66 | BI24: =BG24*BF24*BH24/1000 -> 1.5543 | BJ24: =2.5/7.7 -> 0.32467532 | BK24: =BI24+BJ24 -> 1.8789753 | BL24: 750 | BM24: 750 | BN24: 50 | BO24: =BM24+BN24 -> 800 | BP24: 3.14 | BQ24: =BO24*BP24/1000 -> 2.512 | BR24: 0.66 | BS24: =BQ24*BR24 -> 1.65792 | BT24: 750 | BU24: 750 | BV24: 3.14 | BW24: 1.3 | BX24: =BV24*BU24*BW24/1000 -> 3.0615 | BY24: 0.78 | BZ24: =BX24+BY24 -> 3.8415 | CA24: 750 | CB24: =CA24+50 -> 800 | CC24: =BZ25 -> 4.0456 | CD24: 800 | CE24: 4 | CF24: 0.68 | CG24: =CE24+CF24 -> 4.68 | CI24: 8.0384 | CJ24: Ø800Standart Düz Modül 250 mm | CK24: 8.0384 | CL24: 750 | CM24: 750 | CN24: 3.14 | CO24: =6/7.3 -> 0.82191781 | CP24: =CM24*CN24*CO24/1000 -> 1.9356164 | CR24: 750 | CS24: =$CQ$2*CR24/1000 -> 6 | CT24: 2 | CU24: =CS24+CT24 -> 8
F25: 800 | G25: 3.14 | H25: 0.25 | I25: =G25*F25*H25/1000 -> 0.628 | J25: =BC25 -> 28.452325 | K25: =H25*J25 -> 7.1130813 | L25: 800 | M25: 800 | N25: 3.14 | O25: 0.4 | P25: 0.8 | Q25: =M25*N25*O25*P25/100 -> 8.0384 | R25: 800 | S25: 3.14 | T25: 0.5 | U25: 0.8 | V25: =R25*S25*T25*U25/100 -> 10.048 | W25: 800 | X25: 3.14 | Y25: 0.6 | Z25: 0.8 | AA25: =W25*X25*Y25*Z25/100 -> 12.0576 | AB25: 800 | AC25: 3.14 | AD25: 0.8 | AE25: 0.8 | AF25: =AB25*AC25*AD25*AE25/100 -> 16.0768 | AG25: 800 | AH25: 3.14 | AI25: 1 | AJ25: 0.8 | AK25: =AG25*AH25*AI25*AJ25/100 -> 20.096 | AM25: 800 | AN25: =R25+25 -> 825 | AO25: 3.14 | AP25: =AN25*AO25/1000 -> 2.5905 | AQ25: 2.45 | AR25: =AP25*AQ25 -> 6.346725 | AS25: 55 | AT25: =AN25+AS25 -> 880 | AU25: =AT25-AM25 -> 80 | AV25: 3.14 | AW25: 0.5 | AX25: 0.8 | AY25: 2 | AZ25: =AT25*AV25*AY25*AW25*AX25/100 -> 22.1056 | BA25: =AZ25+AR25 -> 28.452325 | BB25: 0 | BC25: =BA25+BB25 -> 28.452325 | BE25: 800 | BF25: 800 | BG25: 3.14 | BH25: 0.66 | BI25: =BG25*BF25*BH25/1000 -> 1.65792 | BJ25: =2.5/7.7 -> 0.32467532 | BK25: =BI25+BJ25 -> 1.9825953 | BL25: 800 | BM25: 800 | BN25: 50 | BO25: =BM25+BN25 -> 850 | BP25: 3.14 | BQ25: =BO25*BP25/1000 -> 2.669 | BR25: 0.66 | BS25: =BQ25*BR25 -> 1.76154 | BT25: 800 | BU25: 800 | BV25: 3.14 | BW25: 1.3 | BX25: =BV25*BU25*BW25/1000 -> 3.2656 | BY25: 0.78 | BZ25: =BX25+BY25 -> 4.0456 | CA25: 800 | CB25: =CA25+50 -> 850 | CC25: =BZ26 -> 4.2497 | CD25: 850 | CE25: 4.3 | CF25: 0.68 | CG25: =CE25+CF25 -> 4.98 | CI25: 8.5408 | CJ25: Ø850Standart Düz Modül 250 mm | CK25: 8.5408 | CL25: 800 | CM25: 800 | CN25: 3.14 | CO25: =6/7.3 -> 0.82191781 | CP25: =CM25*CN25*CO25/1000 -> 2.0646575 | CR25: 800 | CS25: =$CQ$2*CR25/1000 -> 6.4 | CT25: 2 | CU25: =CS25+CT25 -> 8.4
F26: 850 | G26: 3.14 | H26: 0.25 | I26: =G26*F26*H26/1000 -> 0.66725 | J26: =BC26 -> 30.092975 | K26: =H26*J26 -> 7.5232438 | L26: 850 | M26: 850 | N26: 3.14 | O26: 0.4 | P26: 0.8 | Q26: =M26*N26*O26*P26/100 -> 8.5408 | R26: 850 | S26: 3.14 | T26: 0.5 | U26: 0.8 | V26: =R26*S26*T26*U26/100 -> 10.676 | W26: 850 | X26: 3.14 | Y26: 0.6 | Z26: 0.8 | AA26: =W26*X26*Y26*Z26/100 -> 12.8112 | AB26: 850 | AC26: 3.14 | AD26: 0.8 | AE26: 0.8 | AF26: =AB26*AC26*AD26*AE26/100 -> 17.0816 | AG26: 850 | AH26: 3.14 | AI26: 1 | AJ26: 0.8 | AK26: =AG26*AH26*AI26*AJ26/100 -> 21.352 | AM26: 850 | AN26: =R26+25 -> 875 | AO26: 3.14 | AP26: =AN26*AO26/1000 -> 2.7475 | AQ26: 2.45 | AR26: =AP26*AQ26 -> 6.731375 | AS26: 55 | AT26: =AN26+AS26 -> 930 | AU26: =AT26-AM26 -> 80 | AV26: 3.14 | AW26: 0.5 | AX26: 0.8 | AY26: 2 | AZ26: =AT26*AV26*AY26*AW26*AX26/100 -> 23.3616 | BA26: =AZ26+AR26 -> 30.092975 | BB26: 0 | BC26: =BA26+BB26 -> 30.092975 | BE26: 850 | BF26: 850 | BG26: 3.14 | BH26: 0.66 | BI26: =BG26*BF26*BH26/1000 -> 1.76154 | BJ26: =2.5/7.7 -> 0.32467532 | BK26: =BI26+BJ26 -> 2.0862153 | BL26: 850 | BM26: 850 | BN26: 50 | BO26: =BM26+BN26 -> 900 | BP26: 3.14 | BQ26: =BO26*BP26/1000 -> 2.826 | BR26: 0.66 | BS26: =BQ26*BR26 -> 1.86516 | BT26: 850 | BU26: 850 | BV26: 3.14 | BW26: 1.3 | BX26: =BV26*BU26*BW26/1000 -> 3.4697 | BY26: 0.78 | BZ26: =BX26+BY26 -> 4.2497 | CA26: 850 | CB26: =CA26+50 -> 900 | CC26: =BZ27 -> 4.4538 | CD26: 900 | CE26: 4.6 | CF26: 0.68 | CG26: =CE26+CF26 -> 5.28 | CI26: 9.0432 | CJ26: Ø900Standart Düz Modül 250 mm | CK26: 9.0432 | CL26: 850 | CM26: 850 | CN26: 3.14 | CO26: =6/7.3 -> 0.82191781 | CP26: =CM26*CN26*CO26/1000 -> 2.1936986 | CR26: 850 | CS26: =$CQ$2*CR26/1000 -> 6.8 | CT26: 2 | CU26: =CS26+CT26 -> 8.8
F27: 900 | G27: 3.14 | H27: 0.25 | I27: =G27*F27*H27/1000 -> 0.7065 | J27: =BC27 -> 31.733625 | K27: =H27*J27 -> 7.9334063 | L27: 900 | M27: 900 | N27: 3.14 | O27: 0.4 | P27: 0.8 | Q27: =M27*N27*O27*P27/100 -> 9.0432 | R27: 900 | S27: 3.14 | T27: 0.5 | U27: 0.8 | V27: =R27*S27*T27*U27/100 -> 11.304 | W27: 900 | X27: 3.14 | Y27: 0.6 | Z27: 0.8 | AA27: =W27*X27*Y27*Z27/100 -> 13.5648 | AB27: 900 | AC27: 3.14 | AD27: 0.8 | AE27: 0.8 | AF27: =AB27*AC27*AD27*AE27/100 -> 18.0864 | AG27: 900 | AH27: 3.14 | AI27: 1 | AJ27: 0.8 | AK27: =AG27*AH27*AI27*AJ27/100 -> 22.608 | AM27: 900 | AN27: =R27+25 -> 925 | AO27: 3.14 | AP27: =AN27*AO27/1000 -> 2.9045 | AQ27: 2.45 | AR27: =AP27*AQ27 -> 7.116025 | AS27: 55 | AT27: =AN27+AS27 -> 980 | AU27: =AT27-AM27 -> 80 | AV27: 3.14 | AW27: 0.5 | AX27: 0.8 | AY27: 2 | AZ27: =AT27*AV27*AY27*AW27*AX27/100 -> 24.6176 | BA27: =AZ27+AR27 -> 31.733625 | BB27: 0 | BC27: =BA27+BB27 -> 31.733625 | BE27: 900 | BF27: 900 | BG27: 3.14 | BH27: 0.66 | BI27: =BG27*BF27*BH27/1000 -> 1.86516 | BJ27: =2.5/7.7 -> 0.32467532 | BK27: =BI27+BJ27 -> 2.1898353 | BL27: 900 | BM27: 900 | BN27: 50 | BO27: =BM27+BN27 -> 950 | BP27: 3.14 | BQ27: =BO27*BP27/1000 -> 2.983 | BR27: 0.66 | BS27: =BQ27*BR27 -> 1.96878 | BT27: 900 | BU27: 900 | BV27: 3.14 | BW27: 1.3 | BX27: =BV27*BU27*BW27/1000 -> 3.6738 | BY27: 0.78 | BZ27: =BX27+BY27 -> 4.4538 | CA27: 900 | CB27: =CA27+50 -> 950 | CC27: =BZ28 -> 4.6579 | CD27: 950 | CE27: 4.9 | CF27: 0.68 | CG27: =CE27+CF27 -> 5.58 | CI27: 9.5456 | CJ27: Ø950Standart Düz Modül 250 mm | CK27: 9.5456 | CL27: 900 | CM27: 900 | CN27: 3.14 | CO27: =6/7.3 -> 0.82191781 | CP27: =CM27*CN27*CO27/1000 -> 2.3227397 | CR27: 900 | CS27: =$CQ$2*CR27/1000 -> 7.2 | CT27: 2 | CU27: =CS27+CT27 -> 9.2
F28: 950 | G28: 3.14 | H28: 0.25 | I28: =G28*F28*H28/1000 -> 0.74575 | J28: =BC28 -> 33.374275 | K28: =H28*J28 -> 8.3435688 | L28: 950 | M28: 950 | N28: 3.14 | O28: 0.4 | P28: 0.8 | Q28: =M28*N28*O28*P28/100 -> 9.5456 | R28: 950 | S28: 3.14 | T28: 0.5 | U28: 0.8 | V28: =R28*S28*T28*U28/100 -> 11.932 | W28: 950 | X28: 3.14 | Y28: 0.6 | Z28: 0.8 | AA28: =W28*X28*Y28*Z28/100 -> 14.3184 | AB28: 950 | AC28: 3.14 | AD28: 0.8 | AE28: 0.8 | AF28: =AB28*AC28*AD28*AE28/100 -> 19.0912 | AG28: 950 | AH28: 3.14 | AI28: 1 | AJ28: 0.8 | AK28: =AG28*AH28*AI28*AJ28/100 -> 23.864 | AM28: 950 | AN28: =R28+25 -> 975 | AO28: 3.14 | AP28: =AN28*AO28/1000 -> 3.0615 | AQ28: 2.45 | AR28: =AP28*AQ28 -> 7.500675 | AS28: 55 | AT28: =AN28+AS28 -> 1030 | AU28: =AT28-AM28 -> 80 | AV28: 3.14 | AW28: 0.5 | AX28: 0.8 | AY28: 2 | AZ28: =AT28*AV28*AY28*AW28*AX28/100 -> 25.8736 | BA28: =AZ28+AR28 -> 33.374275 | BB28: 0 | BC28: =BA28+BB28 -> 33.374275 | BE28: 950 | BF28: 950 | BG28: 3.14 | BH28: 0.66 | BI28: =BG28*BF28*BH28/1000 -> 1.96878 | BJ28: =2.5/7.7 -> 0.32467532 | BK28: =BI28+BJ28 -> 2.2934553 | BL28: 950 | BM28: 950 | BN28: 50 | BO28: =BM28+BN28 -> 1000 | BP28: 3.14 | BQ28: =BO28*BP28/1000 -> 3.14 | BR28: 0.66 | BS28: =BQ28*BR28 -> 2.0724 | BT28: 950 | BU28: 950 | BV28: 3.14 | BW28: 1.3 | BX28: =BV28*BU28*BW28/1000 -> 3.8779 | BY28: 0.78 | BZ28: =BX28+BY28 -> 4.6579 | CA28: 950 | CB28: =CA28+50 -> 1000 | CC28: =BZ29 -> 4.862 | CD28: 1000 | CE28: 5.2 | CF28: 0.68 | CG28: =CE28+CF28 -> 5.88 | CI28: 10.048 | CJ28: Ø1000Standart Düz Modül 250 mm | CK28: 10.048 | CL28: 950 | CM28: 950 | CN28: 3.14 | CO28: =6/7.3 -> 0.82191781 | CP28: =CM28*CN28*CO28/1000 -> 2.4517808 | CR28: 950 | CS28: =$CQ$2*CR28/1000 -> 7.6 | CT28: 2 | CU28: =CS28+CT28 -> 9.6
F29: 1000 | G29: 3.14 | H29: 0.25 | I29: =G29*F29*H29/1000 -> 0.785 | J29: =BC29 -> 35.014925 | K29: =H29*J29 -> 8.7537313 | L29: 1000 | M29: 1000 | N29: 3.14 | O29: 0.4 | P29: 0.8 | Q29: =M29*N29*O29*P29/100 -> 10.048 | R29: 1000 | S29: 3.14 | T29: 0.5 | U29: 0.8 | V29: =R29*S29*T29*U29/100 -> 12.56 | W29: 1000 | X29: 3.14 | Y29: 0.6 | Z29: 0.8 | AA29: =W29*X29*Y29*Z29/100 -> 15.072 | AB29: 1000 | AC29: 3.14 | AD29: 0.8 | AE29: 0.8 | AF29: =AB29*AC29*AD29*AE29/100 -> 20.096 | AG29: 1000 | AH29: 3.14 | AI29: 1 | AJ29: 0.8 | AK29: =AG29*AH29*AI29*AJ29/100 -> 25.12 | AM29: 1000 | AN29: =R29+25 -> 1025 | AO29: 3.14 | AP29: =AN29*AO29/1000 -> 3.2185 | AQ29: 2.45 | AR29: =AP29*AQ29 -> 7.885325 | AS29: 55 | AT29: =AN29+AS29 -> 1080 | AU29: =AT29-AM29 -> 80 | AV29: 3.14 | AW29: 0.5 | AX29: 0.8 | AY29: 2 | AZ29: =AT29*AV29*AY29*AW29*AX29/100 -> 27.1296 | BA29: =AZ29+AR29 -> 35.014925 | BB29: 0 | BC29: =BA29+BB29 -> 35.014925 | BE29: 1000 | BF29: 1000 | BG29: 3.14 | BH29: 0.66 | BI29: =BG29*BF29*BH29/1000 -> 2.0724 | BJ29: =2.5/7.7 -> 0.32467532 | BK29: =BI29+BJ29 -> 2.3970753 | BL29: 1000 | BM29: 1000 | BN29: 50 | BO29: =BM29+BN29 -> 1050 | BP29: 3.14 | BQ29: =BO29*BP29/1000 -> 3.297 | BR29: 0.66 | BS29: =BQ29*BR29 -> 2.17602 | BT29: 1000 | BU29: 1000 | BV29: 3.14 | BW29: 1.3 | BX29: =BV29*BU29*BW29/1000 -> 4.082 | BY29: 0.78 | BZ29: =BX29+BY29 -> 4.862 | CA29: 1000 | CB29: =CA29+50 -> 1050 | CC29: =BZ30 -> 5.0661 | CD29: 1050 | CE29: 5.5 | CF29: 0.68 | CG29: =CE29+CF29 -> 6.18 | CI29: 10.5504 | CJ29: Ø1050Standart Düz Modül 250 mm | CK29: 10.5504 | CL29: 1000 | CM29: 1000 | CN29: 3.14 | CO29: =6/7.3 -> 0.82191781 | CP29: =CM29*CN29*CO29/1000 -> 2.5808219 | CR29: 1000 | CS29: =$CQ$2*CR29/1000 -> 8 | CT29: 2 | CU29: =CS29+CT29 -> 10
F30: 1050 | G30: 3.14 | H30: 0.25 | I30: =G30*F30*H30/1000 -> 0.82425 | J30: =BC30 -> 36.655575 | K30: =H30*J30 -> 9.1638938 | L30: 1050 | M30: 1050 | N30: 3.14 | O30: 0.4 | P30: 0.8 | Q30: =M30*N30*O30*P30/100 -> 10.5504 | R30: 1050 | S30: 3.14 | T30: 0.5 | U30: 0.8 | V30: =R30*S30*T30*U30/100 -> 13.188 | W30: 1050 | X30: 3.14 | Y30: 0.6 | Z30: 0.8 | AA30: =W30*X30*Y30*Z30/100 -> 15.8256 | AB30: 1050 | AC30: 3.14 | AD30: 0.8 | AE30: 0.8 | AF30: =AB30*AC30*AD30*AE30/100 -> 21.1008 | AG30: 1050 | AH30: 3.14 | AI30: 1 | AJ30: 0.8 | AK30: =AG30*AH30*AI30*AJ30/100 -> 26.376 | AM30: 1050 | AN30: =R30+25 -> 1075 | AO30: 3.14 | AP30: =AN30*AO30/1000 -> 3.3755 | AQ30: 2.45 | AR30: =AP30*AQ30 -> 8.269975 | AS30: 55 | AT30: =AN30+AS30 -> 1130 | AU30: =AT30-AM30 -> 80 | AV30: 3.14 | AW30: 0.5 | AX30: 0.8 | AY30: 2 | AZ30: =AT30*AV30*AY30*AW30*AX30/100 -> 28.3856 | BA30: =AZ30+AR30 -> 36.655575 | BB30: 0 | BC30: =BA30+BB30 -> 36.655575 | BE30: 1050 | BF30: 1050 | BG30: 3.14 | BH30: 0.66 | BI30: =BG30*BF30*BH30/1000 -> 2.17602 | BJ30: =2.5/7.7 -> 0.32467532 | BK30: =BI30+BJ30 -> 2.5006953 | BL30: 1050 | BM30: 1050 | BN30: 50 | BO30: =BM30+BN30 -> 1100 | BP30: 3.14 | BQ30: =BO30*BP30/1000 -> 3.454 | BR30: 0.66 | BS30: =BQ30*BR30 -> 2.27964 | BT30: 1050 | BU30: 1050 | BV30: 3.14 | BW30: 1.3 | BX30: =BV30*BU30*BW30/1000 -> 4.2861 | BY30: 0.78 | BZ30: =BX30+BY30 -> 5.0661 | CA30: 1050 | CB30: =CA30+50 -> 1100 | CC30: =BZ31 -> 5.2702 | CD30: 1100 | CE30: 5.8 | CF30: 0.68 | CG30: =CE30+CF30 -> 6.48 | CI30: 11.0528 | CJ30: Ø1100Standart Düz Modül 250 mm | CK30: 11.0528 | CL30: 1050 | CM30: 1050 | CN30: 3.14 | CO30: =6/7.3 -> 0.82191781 | CP30: =CM30*CN30*CO30/1000 -> 2.709863 | CR30: 1050 | CS30: =$CQ$2*CR30/1000 -> 8.4 | CT30: 2 | CU30: =CS30+CT30 -> 10.4
... F32: 1150 | G32: 3.14 | H32: 0.25 | I32: =G32*F32*H32/1000 -> 0.90275 | J32: =BC32 -> 39.936875 | K32: =H32*J32 -> 9.9842188 | L32: 1150 | M32: 1150 | N32: 3.14 | O32: 0.4 | P32: 0.8 | Q32: =M32*N32*O32*P32/100 -> 11.5552 | R32: 1150 | S32: 3.14 | T32: 0.5 | U32: 0.8 | V32: =R32*S32*T32*U32/100 -> 14.444 | W32: 1150 | X32: 3.14 | Y32: 0.6 | Z32: 0.8 | AA32: =W32*X32*Y32*Z32/100 -> 17.3328 | AB32: 1150 | AC32: 3.14 | AD32: 0.8 | AE32: 0.8 | AF32: =AB32*AC32*AD32*AE32/100 -> 23.1104 | AG32: 1150 | AH32: 3.14 | AI32: 1 | AJ32: 0.8 | AK32: =AG32*AH32*AI32*AJ32/100 -> 28.888 | AM32: 1150 | AN32: =R32+25 -> 1175 | AO32: 3.14 | AP32: =AN32*AO32/1000 -> 3.6895 | AQ32: 2.45 | AR32: =AP32*AQ32 -> 9.039275 | AS32: 55 | AT32: =AN32+AS32 -> 1230 | AU32: =AT32-AM32 -> 80 | AV32: 3.14 | AW32: 0.5 | AX32: 0.8 | AY32: 2 | AZ32: =AT32*AV32*AY32*AW32*AX32/100 -> 30.8976 | BA32: =AZ32+AR32 -> 39.936875 | BB32: 0 | BC32: =BA32+BB32 -> 39.936875 | BE32: 1150 | BF32: 1150 | BG32: 3.14 | BH32: 0.66 | BI32: =BG32*BF32*BH32/1000 -> 2.38326 | BJ32: =2.5/7.7 -> 0.32467532 | BK32: =BI32+BJ32 -> 2.7079353 | BL32: 1150 | BM32: 1150 | BN32: 50 | BO32: =BM32+BN32 -> 1200 | BP32: 3.14 | BQ32: =BO32*BP32/1000 -> 3.768 | BR32: 0.66 | BS32: =BQ32*BR32 -> 2.48688 | BT32: 1150 | BU32: 1150 | BV32: 3.14 | BW32: 1.3 | BX32: =BV32*BU32*BW32/1000 -> 4.6943 | BY32: 0.78 | BZ32: =BX32+BY32 -> 5.4743 | CA32: 1150 | CB32: =CA32+50 -> 1200 | CC32: =BZ33 -> 5.6784 | CD32: 1200 | CE32: 6.4 | CF32: 0.68 | CG32: =CE32+CF32 -> 7.08 | CI32: 13.0624 | CJ32: Ø1300Standart Düz Modül 250 mm | CK32: 13.0624 | CL32: 1150 | CM32: 1150 | CN32: 3.14 | CO32: =6/7.3 -> 0.82191781 | CP32: =CM32*CN32*CO32/1000 -> 2.9679452 | CR32: 1150 | CS32: =$CQ$2*CR32/1000 -> 9.2 | CT32: 2 | CU32: =CS32+CT32 -> 11.2
F33: 1200 | G33: 3.14 | H33: 0.25 | I33: =G33*F33*H33/1000 -> 0.942 | J33: =BC33 -> 41.577525 | K33: =H33*J33 -> 10.394381 | L33: 1200 | M33: 1200 | N33: 3.14 | O33: 0.4 | P33: 0.8 | Q33: =M33*N33*O33*P33/100 -> 12.0576 | R33: 1200 | S33: 3.14 | T33: 0.5 | U33: 0.8 | V33: =R33*S33*T33*U33/100 -> 15.072 | W33: 1200 | X33: 3.14 | Y33: 0.6 | Z33: 0.8 | AA33: =W33*X33*Y33*Z33/100 -> 18.0864 | AB33: 1200 | AC33: 3.14 | AD33: 0.8 | AE33: 0.8 | AF33: =AB33*AC33*AD33*AE33/100 -> 24.1152 | AG33: 1200 | AH33: 3.14 | AI33: 1 | AJ33: 0.8 | AK33: =AG33*AH33*AI33*AJ33/100 -> 30.144 | AM33: 1200 | AN33: =R33+25 -> 1225 | AO33: 3.14 | AP33: =AN33*AO33/1000 -> 3.8465 | AQ33: 2.45 | AR33: =AP33*AQ33 -> 9.423925 | AS33: 55 | AT33: =AN33+AS33 -> 1280 | AU33: =AT33-AM33 -> 80 | AV33: 3.14 | AW33: 0.5 | AX33: 0.8 | AY33: 2 | AZ33: =AT33*AV33*AY33*AW33*AX33/100 -> 32.1536 | BA33: =AZ33+AR33 -> 41.577525 | BB33: 0 | BC33: =BA33+BB33 -> 41.577525 | BE33: 1200 | BF33: 1200 | BG33: 3.14 | BH33: 0.66 | BI33: =BG33*BF33*BH33/1000 -> 2.48688 | BJ33: =2.5/7.7 -> 0.32467532 | BK33: =BI33+BJ33 -> 2.8115553 | BL33: 1200 | BM33: 1200 | BN33: 50 | BO33: =BM33+BN33 -> 1250 | BP33: 3.14 | BQ33: =BO33*BP33/1000 -> 3.925 | BR33: 0.66 | BS33: =BQ33*BR33 -> 2.5905 | BT33: 1200 | BU33: 1200 | BV33: 3.14 | BW33: 1.3 | BX33: =BV33*BU33*BW33/1000 -> 4.8984 | BY33: 0.78 | BZ33: =BX33+BY33 -> 5.6784 | CA33: 1200 | CB33: =CA33+50 -> 1250 | CC33: =BZ34 -> 5.8825 | CD33: 1250 | CE33: 6.7 | CF33: 0.68 | CG33: =CE33+CF33 -> 7.38 | CL33: 1200 | CM33: 1200 | CN33: 3.14 | CO33: =6/7.3 -> 0.82191781 | CP33: =CM33*CN33*CO33/1000 -> 3.0969863 | CR33: 1200 | CS33: =$CQ$2*CR33/1000 -> 9.6 | CT33: 2 | CU33: =CS33+CT33 -> 11.6
F34: 1250 | G34: 3.14 | H34: 0.25 | I34: =G34*F34*H34/1000 -> 0.98125 | J34: =BC34 -> 43.218175 | K34: =H34*J34 -> 10.804544 | L34: 1250 | M34: 1250 | N34: 3.14 | O34: 0.4 | P34: 0.8 | Q34: =M34*N34*O34*P34/100 -> 12.56 | R34: 1250 | S34: 3.14 | T34: 0.5 | U34: 0.8 | V34: =R34*S34*T34*U34/100 -> 15.7 | W34: 1250 | X34: 3.14 | Y34: 0.6 | Z34: 0.8 | AA34: =W34*X34*Y34*Z34/100 -> 18.84 | AB34: 1250 | AC34: 3.14 | AD34: 0.8 | AE34: 0.8 | AF34: =AB34*AC34*AD34*AE34/100 -> 25.12 | AG34: 1250 | AH34: 3.14 | AI34: 1 | AJ34: 0.8 | AK34: =AG34*AH34*AI34*AJ34/100 -> 31.4 | AM34: 1250 | AN34: =R34+25 -> 1275 | AO34: 3.14 | AP34: =AN34*AO34/1000 -> 4.0035 | AQ34: 2.45 | AR34: =AP34*AQ34 -> 9.808575 | AS34: 55 | AT34: =AN34+AS34 -> 1330 | AU34: =AT34-AM34 -> 80 | AV34: 3.14 | AW34: 0.5 | AX34: 0.8 | AY34: 2 | AZ34: =AT34*AV34*AY34*AW34*AX34/100 -> 33.4096 | BA34: =AZ34+AR34 -> 43.218175 | BB34: 0 | BC34: =BA34+BB34 -> 43.218175 | BE34: 1250 | BF34: 1250 | BG34: 3.14 | BH34: 0.66 | BI34: =BG34*BF34*BH34/1000 -> 2.5905 | BJ34: =2.5/7.7 -> 0.32467532 | BK34: =BI34+BJ34 -> 2.9151753 | BL34: 1250 | BM34: 1250 | BN34: 50 | BO34: =BM34+BN34 -> 1300 | BP34: 3.14 | BQ34: =BO34*BP34/1000 -> 4.082 | BR34: 0.66 | BS34: =BQ34*BR34 -> 2.69412 | BT34: 1250 | BU34: 1250 | BV34: 3.14 | BW34: 1.3 | BX34: =BV34*BU34*BW34/1000 -> 5.1025 | BY34: 0.78 | BZ34: =BX34+BY34 -> 5.8825 | CA34: 1250 | CB34: =CA34+50 -> 1300 | CC34: =BZ35 -> 6.0866 | CD34: 1300 | CE34: 7 | CF34: 0.68 | CG34: =CE34+CF34 -> 7.68 | CL34: 1250 | CM34: 1250 | CN34: 3.14 | CO34: =6/7.3 -> 0.82191781 | CP34: =CM34*CN34*CO34/1000 -> 3.2260274 | CR34: 1250 | CS34: =$CQ$2*CR34/1000 -> 10 | CT34: 2 | CU34: =CS34+CT34 -> 12
F35: 1300 | G35: 3.14 | H35: 0.25 | I35: =G35*F35*H35/1000 -> 1.0205 | J35: =BC35 -> 44.858825 | K35: =H35*J35 -> 11.214706 | L35: 1300 | M35: 1300 | N35: 3.14 | O35: 0.4 | P35: 0.8 | Q35: =M35*N35*O35*P35/100 -> 13.0624 | R35: 1300 | S35: 3.14 | T35: 0.5 | U35: 0.8 | V35: =R35*S35*T35*U35/100 -> 16.328 | W35: 1300 | X35: 3.14 | Y35: 0.6 | Z35: 0.8 | AA35: =W35*X35*Y35*Z35/100 -> 19.5936 | AB35: 1300 | AC35: 3.14 | AD35: 0.8 | AE35: 0.8 | AF35: =AB35*AC35*AD35*AE35/100 -> 26.1248 | AG35: 1300 | AH35: 3.14 | AI35: 1 | AJ35: 0.8 | AK35: =AG35*AH35*AI35*AJ35/100 -> 32.656 | AM35: 1300 | AN35: =R35+25 -> 1325 | AO35: 3.14 | AP35: =AN35*AO35/1000 -> 4.1605 | AQ35: 2.45 | AR35: =AP35*AQ35 -> 10.193225 | AS35: 55 | AT35: =AN35+AS35 -> 1380 | AU35: =AT35-AM35 -> 80 | AV35: 3.14 | AW35: 0.5 | AX35: 0.8 | AY35: 2 | AZ35: =AT35*AV35*AY35*AW35*AX35/100 -> 34.6656 | BA35: =AZ35+AR35 -> 44.858825 | BB35: 0 | BC35: =BA35+BB35 -> 44.858825 | BE35: 1300 | BF35: 1300 | BG35: 3.14 | BH35: 0.66 | BI35: =BG35*BF35*BH35/1000 -> 2.69412 | BJ35: =2.5/7.7 -> 0.32467532 | BK35: =BI35+BJ35 -> 3.0187953 | BL35: 1300 | BM35: 1300 | BN35: 50 | BO35: =BM35+BN35 -> 1350 | BP35: 3.14 | BQ35: =BO35*BP35/1000 -> 4.239 | BR35: 0.66 | BS35: =BQ35*BR35 -> 2.79774 | BT35: 1300 | BU35: 1300 | BV35: 3.14 | BW35: 1.3 | BX35: =BV35*BU35*BW35/1000 -> 5.3066 | BY35: 0.78 | BZ35: =BX35+BY35 -> 6.0866 | CA35: 1300 | CB35: =CA35+50 -> 1350 | CC35: =BZ35*1.05 -> 6.39093 | CL35: 1300 | CM35: 1300 | CN35: 3.14 | CO35: =6/7.3 -> 0.82191781 | CP35: =CM35*CN35*CO35/1000 -> 3.3550685 | CR35: 1300 | CS35: =$CQ$2*CR35/1000 -> 10.4 | CT35: 2 | CU35: =CS35+CT35 -> 12.4
B37: NOTLAR
A38: 1 | B38: Sehpaların birim fiyatları yazılacak
A39: 2 | B39: Kapaklı temizleme modülleri 50 cm olarak alındı.
A40: 3 | B40: Kapaklı Modül İzoleli ( TEMİZLEME ) izole fiyatı yazılacak mı ?
A41: 4 | B41: Boru contalarının maliyete etkisi diğer moduller uzerine eklenmiştir.
A42: 5 | B42: Dirseklerin metrajları girilecek.
A43: 6

Sheet AĞIRLIK
B1: İZOLESİZ | F1: İZOLELİ
A2: SIRA | B2: BORU ÇAPI | D2: SAC KALINLIĞI | F2: BORU ÇAPI | G2: AĞIRLIĞI | H2: SAC KALINLIĞI
A3: =CONCATENATE(B3,"-",D3) -> ø 100-0,4 | B3: ø 100 | C3: ='genel hesap'!J2 -> 1.0048 | D3: 0.4 | F3: ø 100 | G3: 1.809 | H3: 0.4
A4: =CONCATENATE(B4,"-",D4) -> ø 130-0,4 | B4: ø 130 | C4: ='genel hesap'!J3 -> 1.30624 | D4: 0.4 | F4: ø 130 | G4: 2.1
A5: =CONCATENATE(B5,"-",D5) -> ø 140-0,4 | B5: ø 140 | C5: ='genel hesap'!J4 -> 1.40672 | D5: 0.4 | F5: ø 140 | G5: 2.211
A6: =CONCATENATE(B6,"-",D6) -> ø 150-0,4 | B6: ø 150 | C6: ='genel hesap'!J5 -> 1.5072 | D6: 0.4 | F6: ø 150 | G6: 2.311
A7: =CONCATENATE(B7,"-",D7) -> ø 180-0,4 | B7: ø 180 | C7: ='genel hesap'!J6 -> 1.80864 | D7: 0.4 | F7: ø 180 | G7: 2.612
A8: =CONCATENATE(B8,"-",D8) -> ø 200-0,4 | B8: ø 200 | C8: ='genel hesap'!J7 -> 2.0096 | D8: 0.4 | F8: ø 200 | G8: 2.813
A9: =CONCATENATE(B9,"-",D9) -> ø 225-0,4 | B9: ø 225 | C9: ='genel hesap'!J8 -> 2.2608 | D9: 0.4 | F9: ø 225 | G9: 3.065
A10: =CONCATENATE(B10,"-",D10) -> ø 240-0,4 | B10: ø 240 | C10: ='genel hesap'!J9 -> 2.41152 | D10: 0.4 | F10: ø 240 | G10: 3.215
A11: =CONCATENATE(B11,"-",D11) -> ø 250-0,4 | B11: ø 250 | C11: ='genel hesap'!J10 -> 2.512 | D11: 0.4 | F11: ø 250 | G11: 3.316
A12: =CONCATENATE(B12,"-",D12) -> ø 260-0,4 | B12: ø 260 | C12: ='genel hesap'!J11 -> 2.61248 | D12: 0.4 | F12: ø 260 | G12: 3.416
A13: =CONCATENATE(B13,"-",D13) -> ø 280-0,4 | B13: ø 280 | C13: ='genel hesap'!J12 -> 2.81344 | D13: 0.4 | F13: ø 280 | G13: 3.617
A14: =CONCATENATE(B14,"-",D14) -> ø 300-0,4 | B14: ø 300 | C14: ='genel hesap'!J13 -> 3.0144 | D14: 0.4 | F14: ø 300 | G14: 3.818
A15: =CONCATENATE(B15,"-",D15) -> ø 320-0,4 | B15: ø 320 | C15: ='genel hesap'!J14 -> 3.21536 | D15: 0.4
A16: =CONCATENATE(B16,"-",D16) -> ø 350-0,4 | B16: ø 350 | C16: ='genel hesap'!J15 -> 3.5168 | D16: 0.4
A17: =CONCATENATE(B17,"-",D17) -> ø 400-0,4 | B17: ø 400 | C17: ='genel hesap'!J16 -> 3.81824 | D17: 0.4
A18: =CONCATENATE(B18,"-",D18) -> ø 450-0,4 | B18: ø 450 | C18: ='genel hesap'!J17 -> 4.0192 | D18: 0.4
A19: =CONCATENATE(B19,"-",D19) -> ø 500-0,4 | B19: ø 500 | C19: ='genel hesap'!J18 -> 4.5216 | D19: 0.4
A20: =CONCATENATE(B20,"-",D20) -> ø 550-0,4 | B20: ø 550 | C20: ='genel hesap'!J19 -> 5.024 | D20: 0.4
A21: =CONCATENATE(B21,"-",D21) -> ø 600-0,4 | B21: ø 600 | C21: ='genel hesap'!J20 -> 5.5264 | D21: 0.4
A22: =CONCATENATE(B22,"-",D22) -> ø 650-0,4 | B22: ø 650 | C22: ='genel hesap'!J21 -> 6.0288 | D22: 0.4
A23: =CONCATENATE(B23,"-",D23) -> ø 700-0,4 | B23: ø 700 | C23: ='genel hesap'!J22 -> 6.5312 | D23: 0.4
A24: =CONCATENATE(B24,"-",D24) -> ø 750-0,4 | B24: ø 750 | C24: ='genel hesap'!J23 -> 7.0336 | D24: 0.4
A25: =CONCATENATE(B25,"-",D25) -> ø 800-0,4 | B25: ø 800 | C25: ='genel hesap'!J24 -> 7.536 | D25: 0.4
A26: =CONCATENATE(B26,"-",D26) -> ø 850-0,4 | B26: ø 850 | C26: ='genel hesap'!J25 -> 8.0384 | D26: 0.4
... A35: =CONCATENATE(B35,"-",D35) -> ø 1300-0,4 | B35: ø 1300 | C35: ='genel hesap'!J34 -> 12.56 | D35: 0.4
A37: =CONCATENATE(B37,"-",D37) -> ø 100-0,5 | B37: ø 100 | C37: ='genel hesap'!O2 -> 1.256 | D37: 0.5
A38: =CONCATENATE(B38,"-",D38) -> ø 130-0,5 | B38: ø 130 | C38: ='genel hesap'!O3 -> 1.6328 | D38: 0.5
A39: =CONCATENATE(B39,"-",D39) -> ø 140-0,5 | B39: ø 140 | C39: ='genel hesap'!O4 -> 1.7584 | D39: 0.5
A40: =CONCATENATE(B40,"-",D40) -> ø 150-0,5 | B40: ø 150 | C40: ='genel hesap'!O5 -> 1.884 | D40: 0.5
A41: =CONCATENATE(B41,"-",D41) -> ø 180-0,5 | B41: ø 180 | C41: ='genel hesap'!O6 -> 2.2608 | D41: 0.5
A42: =CONCATENATE(B42,"-",D42) -> ø 200-0,5 | B42: ø 200 | C42: ='genel hesap'!O7 -> 2.512 | D42: 0.5
A43: =CONCATENATE(B43,"-",D43) -> ø 225-0,5 | B43: ø 225 | C43: ='genel hesap'!O8 -> 2.6376 | D43: 0.5
A44: =CONCATENATE(B44,"-",D44) -> ø 240-0,5 | B44: ø 240 | C44: ='genel hesap'!O9 -> 3.0144 | D44: 0.5
A45: =CONCATENATE(B45,"-",D45) -> ø 250-0,5 | B45: ø 250 | C45: ='genel hesap'!O10 -> 3.14 | D45: 0.5
A46: =CONCATENATE(B46,"-",D46) -> ø 260-0,5 | B46: ø 260 | C46: ='genel hesap'!O11 -> 3.2656 | D46: 0.5
A47: =CONCATENATE(B47,"-",D47) -> ø 280-0,5 | B47: ø 280 | C47: ='genel hesap'!O12 -> 3.5168 | D47: 0.5
A48: =CONCATENATE(B48,"-",D48) -> ø 300-0,5 | B48: ø 300 | C48: ='genel hesap'!O13 -> 3.768 | D48: 0.5
A49: =CONCATENATE(B49,"-",D49) -> ø 320-0,5 | B49: ø 320 | C49: ='genel hesap'!O14 -> 4.0192 | D49: 0.5 | F49: ø 320 | G49: 5.024 | H49: 0.5
A50: =CONCATENATE(B50,"-",D50) -> ø 350-0,5 | B50: ø 350 | C50: ='genel hesap'!O15 -> 4.396 | D50: 0.5 | F50: ø 350 | G50: 5.401
A51: =CONCATENATE(B51,"-",D51) -> ø 400-0,5 | B51: ø 400 | C51: ='genel hesap'!O16 -> 4.7728 | D51: 0.5 | F51: ø 390 | G51: 5.903
A52: =CONCATENATE(B52,"-",D52) -> ø 450-0,5 | B52: ø 450 | C52: ='genel hesap'!O17 -> 5.024 | D52: 0.5 | F52: ø 450 | G52: 6.657
A53: =CONCATENATE(B53,"-",D53) -> ø 500-0,5 | B53: ø 500 | C53: ='genel hesap'!O18 -> 5.652 | D53: 0.5
A54: =CONCATENATE(B54,"-",D54) -> ø 550-0,5 | B54: ø 550 | C54: ='genel hesap'!O19 -> 6.28 | D54: 0.5
A55: =CONCATENATE(B55,"-",D55) -> ø 600-0,5 | B55: ø 600 | C55: ='genel hesap'!O20 -> 6.908 | D55: 0.5
A56: =CONCATENATE(B56,"-",D56) -> ø 650-0,5 | B56: ø 650 | C56: ='genel hesap'!O21 -> 7.536 | D56: 0.5
A57: =CONCATENATE(B57,"-",D57) -> ø 700-0,5 | B57: ø 700 | C57: ='genel hesap'!O22 -> 8.164 | D57: 0.5
A58: =CONCATENATE(B58,"-",D58) -> ø 750-0,5 | B58: ø 750 | C58: ='genel hesap'!O23 -> 8.792 | D58: 0.5
A59: =CONCATENATE(B59,"-",D59) -> ø 800-0,5 | B59: ø 800 | C59: ='genel hesap'!O24 -> 9.42 | D59: 0.5
A60: =CONCATENATE(B60,"-",D60) -> ø 850-0,5 | B60: ø 850 | C60: ='genel hesap'!O25 -> 10.048 | D60: 0.5
A61: =CONCATENATE(B61,"-",D61) -> ø 900-0,5 | B61: ø 900 | C61: ='genel hesap'!O26 -> 10.676 | D61: 0.5
A62: =CONCATENATE(B62,"-",D62) -> ø 950-0,5 | B62: ø 950 | C62: ='genel hesap'!O27 -> 11.304 | D62: 0.5
A63: =CONCATENATE(B63,"-",D63) -> ø 1000-0,5 | B63: ø 1000 | C63: ='genel hesap'!O28 -> 11.932 | D63: 0.5
A64: =CONCATENATE(B64,"-",D64) -> ø 1050-0,5 | B64: ø 1050 | C64: ='genel hesap'!O29 -> 12.56 | D64: 0.5
... A69: =CONCATENATE(B69,"-",D69) -> ø 1300-0,5 | B69: ø 1300 | C69: ='genel hesap'!O34 -> 15.7 | D69: 0.5
A71: =CONCATENATE(B71,"-",D71) -> ø 100-0,6 | B71: ø 100 | C71: ='genel hesap'!T2 -> 1.5072 | D71: 0.6
A72: =CONCATENATE(B72,"-",D72) -> ø 130-0,6 | B72: ø 130 | C72: ='genel hesap'!T3 -> 1.95936 | D72: 0.6
A73: =CONCATENATE(B73,"-",D73) -> ø 140-0,6 | B73: ø 140 | C73: ='genel hesap'!T4 -> 2.11008 | D73: 0.6
A74: =CONCATENATE(B74,"-",D74) -> ø 150-0,6 | B74: ø 150 | C74: ='genel hesap'!T5 -> 2.2608 | D74: 0.6
A75: =CONCATENATE(B75,"-",D75) -> ø 180-0,6 | B75: ø 180 | C75: ='genel hesap'!T6 -> 2.71296 | D75: 0.6
A76: =CONCATENATE(B76,"-",D76) -> ø 200-0,6 | B76: ø 200 | C76: ='genel hesap'!T7 -> 3.0144 | D76: 0.6
A77: =CONCATENATE(B77,"-",D77) -> ø 225-0,6 | B77: ø 225 | C77: ='genel hesap'!T8 -> 3.16512 | D77: 0.6
A78: =CONCATENATE(B78,"-",D78) -> ø 240-0,6 | B78: ø 240 | C78: ='genel hesap'!T9 -> 3.61728 | D78: 0.6
A79: =CONCATENATE(B79,"-",D79) -> ø 250-0,6 | B79: ø 250 | C79: ='genel hesap'!T10 -> 3.768 | D79: 0.6
A80: =CONCATENATE(B80,"-",D80) -> ø 260-0,6 | B80: ø 260 | C80: ='genel hesap'!T11 -> 3.91872 | D80: 0.6
A81: =CONCATENATE(B81,"-",D81) -> ø 280-0,6 | B81: ø 280 | C81: ='genel hesap'!T12 -> 4.22016 | D81: 0.6
A82: =CONCATENATE(B82,"-",D82) -> ø 300-0,6 | B82: ø 300 | C82: ='genel hesap'!T13 -> 4.5216 | D82: 0.6
... A86: =CONCATENATE(B86,"-",D86) -> ø 450-0,6 | B86: ø 450 | C86: ='genel hesap'!T17 -> 6.0288 | D86: 0.6
A87: =CONCATENATE(B87,"-",D87) -> ø 500-0,6 | B87: ø 500 | C87: ='genel hesap'!T18 -> 6.7824 | D87: 0.6 | F87: ø 500 | G87: 8.7042 | H87: 0.6
A88: =CONCATENATE(B88,"-",D88) -> ø 550-0,6 | B88: ø 550 | C88: ='genel hesap'!T19 -> 7.536 | D88: 0.6 | F88: ø 550 | G88: 9.495
A89: =CONCATENATE(B89,"-",D89) -> ø 600-0,6 | B89: ø 600 | C89: ='genel hesap'!T20 -> 8.2896 | D89: 0.6 | F89: ø 600 | G89: 10.249
A90: =CONCATENATE(B90,"-",D90) -> ø 650-0,6 | B90: ø 650 | C90: ='genel hesap'!T21 -> 9.0432 | D90: 0.6
A91: =CONCATENATE(B91,"-",D91) -> ø 700-0,6 | B91: ø 700 | C91: ='genel hesap'!T22 -> 9.7968 | D91: 0.6
A92: =CONCATENATE(B92,"-",D92) -> ø 750-0,6 | B92: ø 750 | C92: ='genel hesap'!T23 -> 10.5504 | D92: 0.6
A93: =CONCATENATE(B93,"-",D93) -> ø 800-0,6 | B93: ø 800 | C93: ='genel hesap'!T24 -> 11.304 | D93: 0.6
A94: =CONCATENATE(B94,"-",D94) -> ø 850-0,6 | B94: ø 850 | C94: ='genel hesap'!T25 -> 12.0576 | D94: 0.6
A95: =CONCATENATE(B95,"-",D95) -> ø 900-0,6 | B95: ø 900 | C95: ='genel hesap'!T26 -> 12.8112 | D95: 0.6
A96: =CONCATENATE(B96,"-",D96) -> ø 950-0,6 | B96: ø 950 | C96: ='genel hesap'!T27 -> 13.5648 | D96: 0.6
A97: =CONCATENATE(B97,"-",D97) -> ø 1000-0,6 | B97: ø 1000 | C97: ='genel hesap'!T28 -> 14.3184 | D97: 0.6
A98: =CONCATENATE(B98,"-",D98) -> ø 1050-0,6 | B98: ø 1050 | C98: ='genel hesap'!T29 -> 15.072 | D98: 0.6
A99: =CONCATENATE(B99,"-",D99) -> ø 1100-0,6 | B99: ø 1100 | C99: ='genel hesap'!T30 -> 15.8256 | D99: 0.6
A100: =CONCATENATE(B100,"-",D100) -> ø 1150-0,6 | B100: ø 1150 | C100: ='genel hesap'!T31 -> 16.5792 | D100: 0.6
A101: =CONCATENATE(B101,"-",D101) -> ø 1200-0,6 | B101: ø 1200 | C101: ='genel hesap'!T32 -> 17.3328 | D101: 0.6
... A103: =CONCATENATE(B103,"-",D103) -> ø 1300-0,6 | B103: ø 1300 | C103: ='genel hesap'!T34 -> 18.84 | D103: 0.6
A105: =CONCATENATE(B105,"-",D105) -> ø 100-0,8 | B105: ø 100 | C105: ='genel hesap'!Y2 -> 2.0096 | D105: 0.8
A106: =CONCATENATE(B106,"-",D106) -> ø 130-0,8 | B106: ø 130 | C106: ='genel hesap'!Y3 -> 2.61248 | D106: 0.8
A107: =CONCATENATE(B107,"-",D107) -> ø 140-0,8 | B107: ø 140 | C107: ='genel hesap'!Y4 -> 2.81344 | D107: 0.8
A108: =CONCATENATE(B108,"-",D108) -> ø 150-0,8 | B108: ø 150 | C108: ='genel hesap'!Y5 -> 3.0144 | D108: 0.8
A109: =CONCATENATE(B109,"-",D109) -> ø 180-0,8 | B109: ø 180 | C109: ='genel hesap'!Y6 -> 3.61728 | D109: 0.8
A110: =CONCATENATE(B110,"-",D110) -> ø 200-0,8 | B110: ø 200 | C110: ='genel hesap'!Y7 -> 4.0192 | D110: 0.8
A111: =CONCATENATE(B111,"-",D111) -> ø 225-0,8 | B111: ø 225 | C111: ='genel hesap'!Y8 -> 4.22016 | D111: 0.8
A112: =CONCATENATE(B112,"-",D112) -> ø 240-0,8 | B112: ø 240 | C112: ='genel hesap'!Y9 -> 4.82304 | D112: 0.8
A113: =CONCATENATE(B113,"-",D113) -> ø 250-0,8 | B113: ø 250 | C113: ='genel hesap'!Y10 -> 5.024 | D113: 0.8
A114: =CONCATENATE(B114,"-",D114) -> ø 260-0,8 | B114: ø 260 | C114: ='genel hesap'!Y11 -> 5.22496 | D114: 0.8
A115: =CONCATENATE(B115,"-",D115) -> ø 280-0,8 | B115: ø 280 | C115: ='genel hesap'!Y12 -> 5.62688 | D115: 0.8
A116: =CONCATENATE(B116,"-",D116) -> ø 300-0,8 | B116: ø 300 | C116: ='genel hesap'!Y13 -> 6.0288 | D116: 0.8
... A123: =CONCATENATE(B123,"-",D123) -> ø 600-0,8 | B123: ø 600 | C123: ='genel hesap'!Y20 -> 11.0528 | D123: 0.8
A124: =CONCATENATE(B124,"-",D124) -> ø 650-0,8 | B124: ø 650 | C124: ='genel hesap'!Y21 -> 12.0576 | D124: 0.8 | F124: ø 650 | G124: 14.67 | H124: 0.8
A125: =CONCATENATE(B125,"-",D125) -> ø 700-0,8 | B125: ø 700 | C125: ='genel hesap'!Y22 -> 13.0624 | D125: 0.8 | F125: ø 700 | G125: 15.675
...

Sheet genel hesap
B1: SAC FİYATI | C1: MAŞON FİYATI | D1: TUTACAK FİYATI | F1: ÇAPI | G1: Pİ | H1: KALINLIK | I1: YOĞUNLUK | J1: AĞIRLIĞI (KG) | K1: ÇAPI | L1: Pİ | M1: KALINLIK | N1: YOĞUNLUK | O1: AĞIRLIĞI (KG) | P1: ÇAPI | Q1: Pİ | R1: KALINLIK | S1: YOĞUNLUK | T1: AĞIRLIĞI (KG) | U1: ÇAPI | V1: Pİ | W1: KALINLIK | X1: YOĞUNLUK | Y1: AĞIRLIĞI (KG) | Z1: ÇAPI | AA1: Pİ | AB1: KALINLIK | AC1: YOĞUNLUK | AD1: AĞIRLIĞI (KG)
B2: 6.5 | C2: 1.39 | D2: 0.5 | F2: 100 | G2: 3.14 | H2: 0.4 | I2: 0.8 | J2: =F2*G2*H2*I2/100 -> 1.0048 | K2: 100 | L2: 3.14 | M2: 0.5 | N2: 0.8 | O2: =K2*L2*M2*N2/100 -> 1.256 | P2: 100 | Q2: 3.14 | R2: 0.6 | S2: 0.8 | T2: =P2*Q2*R2*S2/100 -> 1.5072 | U2: 100 | V2: 3.14 | W2: 0.8 | X2: 0.8 | Y2: =U2*V2*W2*X2/100 -> 2.0096 | Z2: 100 | AA2: 3.14 | AB2: 1 | AC2: 0.8 | AD2: =Z2*AA2*AB2*AC2/100 -> 2.512
F3: 130 | G3: 3.14 | H3: 0.4 | I3: 0.8 | J3: =F3*G3*H3*I3/100 -> 1.30624 | K3: 130 | L3: 3.14 | M3: 0.5 | N3: 0.8 | O3: =K3*L3*M3*N3/100 -> 1.6328 | P3: 130 | Q3: 3.14 | R3: 0.6 | S3: 0.8 | T3: =P3*Q3*R3*S3/100 -> 1.95936 | U3: 130 | V3: 3.14 | W3: 0.8 | X3: 0.8 | Y3: =U3*V3*W3*X3/100 -> 2.61248 | Z3: 130 | AA3: 3.14 | AB3: 1 | AC3: 0.8 | AD3: =Z3*AA3*AB3*AC3/100 -> 3.2656
A4: 500 | B4: =B2/2 -> 3.25 | F4: 140 | G4: 3.14 | H4: 0.4 | I4: 0.8 | J4: =F4*G4*H4*I4/100 -> 1.40672 | K4: 140 | L4: 3.14 | M4: 0.5 | N4: 0.8 | O4: =K4*L4*M4*N4/100 -> 1.7584 | P4: 140 | Q4: 3.14 | R4: 0.6 | S4: 0.8 | T4: =P4*Q4*R4*S4/100 -> 2.11008 | U4: 140 | V4: 3.14 | W4: 0.8 | X4: 0.8 | Y4: =U4*V4*W4*X4/100 -> 2.81344 | Z4: 140 | AA4: 3.14 | AB4: 1 | AC4: 0.8 | AD4: =Z4*AA4*AB4*AC4/100 -> 3.5168
A5: 250 | B5: =B2/4 -> 1.625 | F5: 150 | G5: 3.14 | H5: 0.4 | I5: 0.8 | J5: =F5*G5*H5*I5/100 -> 1.5072 | K5: 150 | L5: 3.14 | M5: 0.5 | N5: 0.8 | O5: =K5*L5*M5*N5/100 -> 1.884 | P5: 150 | Q5: 3.14 | R5: 0.6 | S5: 0.8 | T5: =P5*Q5*R5*S5/100 -> 2.2608 | U5: 150 | V5: 3.14 | W5: 0.8 | X5: 0.8 | Y5: =U5*V5*W5*X5/100 -> 3.0144 | Z5: 150 | AA5: 3.14 | AB5: 1 | AC5: 0.8 | AD5: =Z5*AA5*AB5*AC5/100 -> 3.768
A6: DİRSEK | F6: 180 | G6: 3.14 | H6: 0.4 | I6: 0.8 | J6: =F6*G6*H6*I6/100 -> 1.80864 | K6: 180 | L6: 3.14 | M6: 0.5 | N6: 0.8 | O6: =K6*L6*M6*N6/100 -> 2.2608 | P6: 180 | Q6: 3.14 | R6: 0.6 | S6: 0.8 | T6: =P6*Q6*R6*S6/100 -> 2.71296 | U6: 180 | V6: 3.14 | W6: 0.8 | X6: 0.8 | Y6: =U6*V6*W6*X6/100 -> 3.61728 | Z6: 180 | AA6: 3.14 | AB6: 1 | AC6: 0.8 | AD6: =Z6*AA6*AB6*AC6/100 -> 4.5216
A7: 1 | B7: =B2*A7 -> 6.5 | F7: 200 | G7: 3.14 | H7: 0.4 | I7: 0.8 | J7: =F7*G7*H7*I7/100 -> 2.0096 | K7: 200 | L7: 3.14 | M7: 0.5 | N7: 0.8 | O7: =K7*L7*M7*N7/100 -> 2.512 | P7: 200 | Q7: 3.14 | R7: 0.6 | S7: 0.8 | T7: =P7*Q7*R7*S7/100 -> 3.0144 | U7: 200 | V7: 3.14 | W7: 0.8 | X7: 0.8 | Y7: =U7*V7*W7*X7/100 -> 4.0192 | Z7: 200 | AA7: 3.14 | AB7: 1 | AC7: 0.8 | AD7: =Z7*AA7*AB7*AC7/100 -> 5.024
A8: 1 | B8: =B2*A8 -> 6.5 | F8: 225 | G8: 3.14 | H8: 0.4 | I8: 0.8 | J8: =F8*G8*H8*I8/100 -> 2.2608 | K8: 210 | L8: 3.14 | M8: 0.5 | N8: 0.8 | O8: =K8*L8*M8*N8/100 -> 2.6376 | P8: 210 | Q8: 3.14 | R8: 0.6 | S8: 0.8 | T8: =P8*Q8*R8*S8/100 -> 3.16512 | U8: 210 | V8: 3.14 | W8: 0.8 | X8: 0.8 | Y8: =U8*V8*W8*X8/100 -> 4.22016 | Z8: 210 | AA8: 3.14 | AB8: 1 | AC8: 0.8 | AD8: =Z8*AA8*AB8*AC8/100 -> 5.2752
A9: 1 | B9: =B2*A9 -> 6.5 | F9: 240 | G9: 3.14 | H9: 0.4 | I9: 0.8 | J9: =F9*G9*H9*I9/100 -> 2.41152 | K9: 240 | L9: 3.14 | M9: 0.5 | N9: 0.8 | O9: =K9*L9*M9*N9/100 -> 3.0144 | P9: 240 | Q9: 3.14 | R9: 0.6 | S9: 0.8 | T9: =P9*Q9*R9*S9/100 -> 3.61728 | U9: 240 | V9: 3.14 | W9: 0.8 | X9: 0.8 | Y9: =U9*V9*W9*X9/100 -> 4.82304 | Z9: 240 | AA9: 3.14 | AB9: 1 | AC9: 0.8 | AD9: =Z9*AA9*AB9*AC9/100 -> 6.0288
A10: 1 | B10: =A10*B2 -> 6.5 | F10: 250 | G10: 3.14 | H10: 0.4 | I10: 0.8 | J10: =F10*G10*H10*I10/100 -> 2.512 | K10: 250 | L10: 3.14 | M10: 0.5 | N10: 0.8 | O10: =K10*L10*M10*N10/100 -> 3.14 | P10: 250 | Q10: 3.14 | R10: 0.6 | S10: 0.8 | T10: =P10*Q10*R10*S10/100 -> 3.768 | U10: 250 | V10: 3.14 | W10: 0.8 | X10: 0.8 | Y10: =U10*V10*W10*X10/100 -> 5.024 | Z10: 250 | AA10: 3.14 | AB10: 1 | AC10: 0.8 | AD10: =Z10*AA10*AB10*AC10/100 -> 6.28
A11: 1 | B11: =A11*B2 -> 6.5 | F11: 260 | G11: 3.14 | H11: 0.4 | I11: 0.8 | J11: =F11*G11*H11*I11/100 -> 2.61248 | K11: 260 | L11: 3.14 | M11: 0.5 | N11: 0.8 | O11: =K11*L11*M11*N11/100 -> 3.2656 | P11: 260 | Q11: 3.14 | R11: 0.6 | S11: 0.8 | T11: =P11*Q11*R11*S11/100 -> 3.91872 | U11: 260 | V11: 3.14 | W11: 0.8 | X11: 0.8 | Y11: =U11*V11*W11*X11/100 -> 5.22496 | Z11: 260 | AA11: 3.14 | AB11: 1 | AC11: 0.8 | AD11: =Z11*AA11*AB11*AC11/100 -> 6.5312
F12: 280 | G12: 3.14 | H12: 0.4 | I12: 0.8 | J12: =F12*G12*H12*I12/100 -> 2.81344 | K12: 280 | L12: 3.14 | M12: 0.5 | N12: 0.8 | O12: =K12*L12*M12*N12/100 -> 3.5168 | P12: 280 | Q12: 3.14 | R12: 0.6 | S12: 0.8 | T12: =P12*Q12*R12*S12/100 -> 4.22016 | U12: 280 | V12: 3.14 | W12: 0.8 | X12: 0.8 | Y12: =U12*V12*W12*X12/100 -> 5.62688 | Z12: 280 | AA12: 3.14 | AB12: 1 | AC12: 0.8 | AD12: =Z12*AA12*AB12*AC12/100 -> 7.0336
F13: 300 | G13: 3.14 | H13: 0.4 | I13: 0.8 | J13: =F13*G13*H13*I13/100 -> 3.0144 | K13: 300 | L13: 3.14 | M13: 0.5 | N13: 0.8 | O13: =K13*L13*M13*N13/100 -> 3.768 | P13: 300 | Q13: 3.14 | R13: 0.6 | S13: 0.8 | T13: =P13*Q13*R13*S13/100 -> 4.5216 | U13: 300 | V13: 3.14 | W13: 0.8 | X13: 0.8 | Y13: =U13*V13*W13*X13/100 -> 6.0288 | Z13: 300 | AA13: 3.14 | AB13: 1 | AC13: 0.8 | AD13: =Z13*AA13*AB13*AC13/100 -> 7.536
F14: 320 | G14: 3.14 | H14: 0.4 | I14: 0.8 | J14: =F14*G14*H14*I14/100 -> 3.21536 | K14: 320 | L14: 3.14 | M14: 0.5 | N14: 0.8 | O14: =K14*L14*M14*N14/100 -> 4.0192 | P14: 320 | Q14: 3.14 | R14: 0.6 | S14: 0.8 | T14: =P14*Q14*R14*S14/100 -> 4.82304 | U14: 320 | V14: 3.14 | W14: 0.8 | X14: 0.8 | Y14: =U14*V14*W14*X14/100 -> 6.43072 | Z14: 320 | AA14: 3.14 | AB14: 1 | AC14: 0.8 | AD14: =Z14*AA14*AB14*AC14/100 -> 8.0384
F15: 350 | G15: 3.14 | H15: 0.4 | I15: 0.8 | J15: =F15*G15*H15*I15/100 -> 3.5168 | K15: 350 | L15: 3.14 | M15: 0.5 | N15: 0.8 | O15: =K15*L15*M15*N15/100 -> 4.396 | P15: 350 | Q15: 3.14 | R15: 0.6 | S15: 0.8 | T15: =P15*Q15*R15*S15/100 -> 5.2752 | U15: 350 | V15: 3.14 | W15: 0.8 | X15: 0.8 | Y15: =U15*V15*W15*X15/100 -> 7.0336 | Z15: 350 | AA15: 3.14 | AB15: 1 | AC15: 0.8 | AD15: =Z15*AA15*AB15*AC15/100 -> 8.792
F16: 380 | G16: 3.14 | H16: 0.4 | I16: 0.8 | J16: =F16*G16*H16*I16/100 -> 3.81824 | K16: 380 | L16: 3.14 | M16: 0.5 | N16: 0.8 | O16: =K16*L16*M16*N16/100 -> 4.7728 | P16: 380 | Q16: 3.14 | R16: 0.6 | S16: 0.8 | T16: =P16*Q16*R16*S16/100 -> 5.72736 | U16: 380 | V16: 3.14 | W16: 0.8 | X16: 0.8 | Y16: =U16*V16*W16*X16/100 -> 7.63648 | Z16: 380 | AA16: 3.14 | AB16: 1 | AC16: 0.8 | AD16: =Z16*AA16*AB16*AC16/100 -> 9.5456
F17: 400 | G17: 3.14 | H17: 0.4 | I17: 0.8 | J17: =F17*G17*H17*I17/100 -> 4.0192 | K17: 400 | L17: 3.14 | M17: 0.5 | N17: 0.8 | O17: =K17*L17*M17*N17/100 -> 5.024 | P17: 400 | Q17: 3.14 | R17: 0.6 | S17: 0.8 | T17: =P17*Q17*R17*S17/100 -> 6.0288 | U17: 400 | V17: 3.14 | W17: 0.8 | X17: 0.8 | Y17: =U17*V17*W17*X17/100 -> 8.0384 | Z17: 400 | AA17: 3.14 | AB17: 1 | AC17: 0.8 | AD17: =Z17*AA17*AB17*AC17/100 -> 10.048
F18: 450 | G18: 3.14 | H18: 0.4 | I18: 0.8 | J18: =F18*G18*H18*I18/100 -> 4.5216 | K18: 450 | L18: 3.14 | M18: 0.5 | N18: 0.8 | O18: =K18*L18*M18*N18/100 -> 5.652 | P18: 450 | Q18: 3.14 | R18: 0.6 | S18: 0.8 | T18: =P18*Q18*R18*S18/100 -> 6.7824 | U18: 450 | V18: 3.14 | W18: 0.8 | X18: 0.8 | Y18: =U18*V18*W18*X18/100 -> 9.0432 | Z18: 450 | AA18: 3.14 | AB18: 1 | AC18: 0.8 | AD18: =Z18*AA18*AB18*AC18/100 -> 11.304
F19: 500 | G19: 3.14 | H19: 0.4 | I19: 0.8 | J19: =F19*G19*H19*I19/100 -> 5.024 | K19: 500 | L19: 3.14 | M19: 0.5 | N19: 0.8 | O19: =K19*L19*M19*N19/100 -> 6.28 | P19: 500 | Q19: 3.14 | R19: 0.6 | S19: 0.8 | T19: =P19*Q19*R19*S19/100 -> 7.536 | U19: 500 | V19: 3.14 | W19: 0.8 | X19: 0.8 | Y19: =U19*V19*W19*X19/100 -> 10.048 | Z19: 500 | AA19: 3.14 | AB19: 1 | AC19: 0.8 | AD19: =Z19*AA19*AB19*AC19/100 -> 12.56
F20: 550 | G20: 3.14 | H20: 0.4 | I20: 0.8 | J20: =F20*G20*H20*I20/100 -> 5.5264 | K20: 550 | L20: 3.14 | M20: 0.5 | N20: 0.8 | O20: =K20*L20*M20*N20/100 -> 6.908 | P20: 550 | Q20: 3.14 | R20: 0.6 | S20: 0.8 | T20: =P20*Q20*R20*S20/100 -> 8.2896 | U20: 550 | V20: 3.14 | W20: 0.8 | X20: 0.8 | Y20: =U20*V20*W20*X20/100 -> 11.0528 | Z20: 550 | AA20: 3.14 | AB20: 1 | AC20: 0.8 | AD20: =Z20*AA20*AB20*AC20/100 -> 13.816
F21: 600 | G21: 3.14 | H21: 0.4 | I21: 0.8 | J21: =F21*G21*H21*I21/100 -> 6.0288 | K21: 600 | L21: 3.14 | M21: 0.5 | N21: 0.8 | O21: =K21*L21*M21*N21/100 -> 7.536 | P21: 600 | Q21: 3.14 | R21: 0.6 | S21: 0.8 | T21: =P21*Q21*R21*S21/100 -> 9.0432 | U21: 600 | V21: 3.14 | W21: 0.8 | X21: 0.8 | Y21: =U21*V21*W21*X21/100 -> 12.0576 | Z21: 600 | AA21: 3.14 | AB21: 1 | AC21: 0.8 | AD21: =Z21*AA21*AB21*AC21/100 -> 15.072
F22: 650 | G22: 3.14 | H22: 0.4 | I22: 0.8 | J22: =F22*G22*H22*I22/100 -> 6.5312 | K22: 650 | L22: 3.14 | M22: 0.5 | N22: 0.8 | O22: =K22*L22*M22*N22/100 -> 8.164 | P22: 650 | Q22: 3.14 | R22: 0.6 | S22: 0.8 | T22: =P22*Q22*R22*S22/100 -> 9.7968 | U22: 650 | V22: 3.14 | W22: 0.8 | X22: 0.8 | Y22: =U22*V22*W22*X22/100 -> 13.0624 | Z22: 650 | AA22: 3.14 | AB22: 1 | AC22: 0.8 | AD22: =Z22*AA22*AB22*AC22/100 -> 16.328
F23: 700 | G23: 3.14 | H23: 0.4 | I23: 0.8 | J23: =F23*G23*H23*I23/100 -> 7.0336 | K23: 700 | L23: 3.14 | M23: 0.5 | N23: 0.8 | O23: =K23*L23*M23*N23/100 -> 8.792 | P23: 700 | Q23: 3.14 | R23: 0.6 | S23: 0.8 | T23: =P23*Q23*R23*S23/100 -> 10.5504 | U23: 700 | V23: 3.14 | W23: 0.8 | X23: 0.8 | Y23: =U23*V23*W23*X23/100 -> 14.0672 | Z23: 700 | AA23: 3.14 | AB23: 1 | AC23: 0.8 | AD23: =Z23*AA23*AB23*AC23/100 -> 17.584
... F35: 1300 | G35: 3.14 | H35: 0.4 | I35: 0.8 | J35: =F35*G35*H35*I35/100 -> 13.0624 | K35: 1300 | L35: 3.14 | M35: 0.5 | N35: 0.8 | O35: =K35*L35*M35*N35/100 -> 16.328 | P35: 1300 | Q35: 3.14 | R35: 0.6 | S35: 0.8 | T35: =P35*Q35*R35*S35/100 -> 19.5936 | U35: 1300 | V35: 3.14 | W35: 0.8 | X35: 0.8 | Y35: =U35*V35*W35*X35/100 -> 26.1248 | Z35: 1300 | AA35: 3.14 | AB35: 1 | AC35: 0.8 | AD35: =Z35*AA35*AB35*AC35/100 -> 32.656
A37: SIVAMA
B38: MLZ MALİYETİ | C38: İŞÇİLİK MALİYETİ | D38: TOPLAM MALİYET | F38: İZOLASYON | G38: TAŞ YÜNÜ + MODUL (CM ) | H38: Pİ | I38: mm | J38: 25 MM Metresi $(24 TL) | K38: $ | L38: mm | M38: DIŞ CİDAR | N38: Pİ | O38: Kalınlık | P38: Yogunluk | Q38: 430 Metresi (30 TL) | R38: $ | S38: TOPLAM İZOLASYON+ KILIF | U38: CONTA | V38: ÇAPI | W38: Pİ | X38: BİRİM MALİYETİ | Y38: TOPLAM MALİYET $ | AA38: BAĞLANTI KELEPÇESİ | AB38: ÇAPI | AC38: Pİ | AD38: Birim maliyet $ | AF38: kelepçe kulağı | AG38: $ | AI38: DUVAR KELEPÇE | AL38: Birim maliyet $ (7cm sac kullanıldı. ) | AN38: VİDA | AO38: MALİYETİ | AP38: DUVAR KELEPÇESİ + İZOLE | AR38: MALİYETİ
A39: 100 | B39: 0.57 | C39: 0.68 | D39: =B39+C39 -> 1.25 | F39: 100 | G39: 150 | H39: 3.14 | I39: =G39*H39/1000 -> 0.471 | J39: 2.77 | K39: =I39*J39 -> 1.30467 | L39: 30 | M39: 180 | N39: 3.14 | O39: 0.4 | P39: 0.8 | Q39: 3.43 | R39: =M39*N39*O39*P39*Q39/100 -> 6.2036352 | S39: =R39+K39 -> 7.5083052 | U39: 100 | V39: 100 | W39: 3.14 | X39: =6/7.3 -> 0.82191781 | Y39: =V39*W39*X39/1000 -> 0.25808219 | AA39: 100 | AB39: 100 | AC39: 3.14 | AD39: 0.66 | AE39: =AC39*AB39*AD39/1000 -> 0.20724 | AF39: =2.5/7.7 -> 0.32467532 | AG39: =AE39+AF39 -> 0.53191532 | AI39: 100 | AJ39: 100 | AK39: 3.14 | AL39: 1.3 | AM39: =AK39*AJ39*AL39/1000 -> 0.4082 | AN39: 0.78 | AO39: =AM39+AN39 -> 1.1882 | AP39: 100 | AQ39: =AP39+50 -> 150 | AR39: =AO41 -> 1.3923
A40: 130 | B40: 0.57 | C40: 0.68 | D40: =B40+C40 -> 1.25 | F40: 130 | G40: 180 | H40: 3.14 | I40: 0.4867 | J40: 2.77 | K40: =I40*J40 -> 1.348159 | L40: 30 | M40: 210 | N40: 3.14 | O40: 0.4 | P40: 0.8 | Q40: 3.43 | R40: =M40*N40*O40*P40*Q40/100 -> 7.2375744 | S40: =R40+K40 -> 8.5857334 | U40: 130 | V40: 130 | W40: 3.14 | X40: =6/7.3 -> 0.82191781 | Y40: =V40*W40*X40/1000 -> 0.33550685 | AA40: 130 | AB40: 130 | AC40: 3.14 | AD40: 0.66 | AE40: =AC40*AB40*AD40/1000 -> 0.269412 | AF40: =2.5/7.7 -> 0.32467532 | AG40: =AE40+AF40 -> 0.59408732 | AI40: 130 | AJ40: 130 | AK40: 3.14 | AL40: 1.3 | AM40: =AK40*AJ40*AL40/1000 -> 0.53066 | AN40: 0.78 | AO40: =AM40+AN40 -> 1.31066 | AP40: 130 | AQ40: 180 | AR40: =AO42 -> 1.51476
A41: 150 | B41: 0.64 | C41: 0.68 | D41: =B41+C41 -> 1.32 | F41: 150 | G41: 200 | H41: 3.14 | I41: 0.5495 | J41: 2.77 | K41: =I41*J41 -> 1.522115 | L41: 30 | M41: 230 | N41: 3.14 | O41: 0.4 | P41: 0.8 | Q41: 3.43 | R41: =M41*N41*O41*P41*Q41/100 -> 7.9268672 | S41: =R41+K41 -> 9.4489822 | U41: 150 | V41: 150 | W41: 3.14 | X41: =6/7.3 -> 0.82191781 | Y41: =V41*W41*X41/1000 -> 0.38712329 | AA41: 150 | AB41: 150 | AC41: 3.14 | AD41: 0.66 | AE41: =AC41*AB41*AD41/1000 -> 0.31086 | AF41: =2.5/7.7 -> 0.32467532 | AG41: =AE41+AF41 -> 0.63553532 | AI41: 150 | AJ41: 150 | AK41: 3.14 | AL41: 1.3 | AM41: =AK41*AJ41*AL41/1000 -> 0.6123 | AN41: 0.78 | AO41: =AM41+AN41 -> 1.3923 | AP41: 150 | AQ41: =AP41+50 -> 200 | AR41: =#REF! -> #REF!
A42: 180 | B42: 0.8 | C42: 0.68 | D42: =B42+C42 -> 1.48 | F42: 180 | G42: 230 | H42: 3.14 | I42: 0.6437 | J42: 2.77 | K42: =I42*J42 -> 1.783049 | L42: 30 | M42: 260 | N42: 3.14 | O42: 0.4 | P42: 0.8 | Q42: 3.43 | R42: =M42*N42*O42*P42*Q42/100 -> 8.9608064 | S42: =R42+K42 -> 10.743855 | U42: 180 | V42: 180 | W42: 3.14 | X42: =6/7.3 -> 0.82191781 | Y42: =V42*W42*X42/1000 -> 0.46454795 | AA42: 180 | AB42: 180 | AC42: 3.14 | AD42: 0.66 | AE42: =AC42*AB42*AD42/1000 -> 0.373032 | AF42: =2.5/7.7 -> 0.32467532 | AG42: =AE42+AF42 -> 0.69770732 | AI42: 180 | AJ42: 180 | AK42: 3.14 | AL42: 1.3 | AM42: =AK42*AJ42*AL42/1000 -> 0.73476 | AN42: 0.78 | AO42: =AM42+AN42 -> 1.51476 | AP42: 180 | AQ42: =AP42+50 -> 230 | AR42: =AO44 -> 1.75968
A43: 200 | B43: 0.8 | C43: 0.68 | D43: =B43+C43 -> 1.48 | F43: 200 | G43: 250 | H43: 3.14 | I43: 0.7065 | J43: 2.77 | K43: =I43*J43 -> 1.957005 | L43: 30 | M43: 280 | N43: 3.14 | O43: 0.4 | P43: 0.8 | Q43: 3.43 | R43: =M43*N43*O43*P43*Q43/100 -> 9.6500992 | S43: =R43+K43 -> 11.607104 | U43: 200 | V43: 200 | W43: 3.14 | X43: =6/7.3 -> 0.82191781 | Y43: =V43*W43*X43/1000 -> 0.51616438 | AA43: 200 | AB43: 200 | AC43: 3.14 | AD43: 0.66 | AE43: =AC43*AB43*AD43/1000 -> 0.41448 | AF43: =2.5/7.7 -> 0.32467532 | AG43: =AE43+AF43 -> 0.73915532 | AI43: 200 | AJ43: 200 | AK43: 3.14 | AL43: 1.3 | AM43: =AK43*AJ43*AL43/1000 -> 0.8164 | AN43: 0.78 | AO43: =AM43+AN43 -> 1.5964 | AP43: 200 | AQ43: =AP43+50 -> 250 | AR43: =AO45 -> 1.8005
A44: 240 | B44: 0.96 | C44: 0.68 | D44: =B44+C44 -> 1.64 | F44: 225 | G44: 275 | H44: 3.14 | I44: 0.8321 | J44: 2.77 | K44: =I44*J44 -> 2.304917 | L44: 30 | M44: 320 | N44: 3.14 | O44: 0.4 | P44: 0.8 | Q44: 3.43 | R44: =M44*N44*O44*P44*Q44/100 -> 11.028685 | S44: =R44+K44 -> 13.333602 | U44: 225 | V44: 225 | W44: 3.14 | X44: =6/7.3 -> 0.82191781 | Y44: =V44*W44*X44/1000 -> 0.58068493 | AA44: 240 | AB44: 240 | AC44: 3.14 | AD44: 0.66 | AE44: =AC44*AB44*AD44/1000 -> 0.497376 | AF44: =2.5/7.7 -> 0.32467532 | AG44: =AE44+AF44 -> 0.82205132 | AI44: 240 | AJ44: 240 | AK44: 3.14 | AL44: 1.3 | AM44: =AK44*AJ44*AL44/1000 -> 0.97968 | AN44: 0.78 | AO44: =AM44+AN44 -> 1.75968 | AP44: 240 | AQ44: =AP44+50 -> 290 | AR44: =AO48 -> 2.0046
A45: 250 | B45: 1 | C45: 0.68 | D45: =B45+C45 -> 1.68 | F45: 250 | G45: 290 | H45: 3.14 | I45: 0.8635 | J45: 2.77 | K45: =I45*J45 -> 2.391895 | L45: 30 | M45: 330 | N45: 3.14 | O45: 0.4 | P45: 0.8 | Q45: 3.43 | R45: =M45*N45*O45*P45*Q45/100 -> 11.373331 | S45: =R45+K45 -> 13.765226 | U45: 250 | V45: 250 | W45: 3.14 | X45: =6/7.3 -> 0.82191781 | Y45: =V45*W45*X45/1000 -> 0.64520548 | AA45: 250 | AB45: 250 | AC45: 3.14 | AD45: 0.66 | AE45: =AC45*AB45*AD45/1000 -> 0.5181 | AF45: =2.5/7.7 -> 0.32467532 | AG45: =AE45+AF45 -> 0.84277532 | AI45: 250 | AJ45: 250 | AK45: 3.14 | AL45: 1.3 | AM45: =AK45*AJ45*AL45/1000 -> 1.0205 | AN45: 0.78 | AO45: =AM45+AN45 -> 1.8005 | AP45: 250 | AQ45: =AP45+50 -> 300 | AR45: =AO48 -> 2.0046
A46: 260 | B46: 1.12 | C46: 0.68 | D46: =B46+C46 -> 1.8 | F46: 260 | G46: 300 | H46: 3.14 | I46: 0.8949 | J46: 2.77 | K46: =I46*J46 -> 2.478873 | L46: 30 | M46: 340 | N46: 3.14 | O46: 0.4 | P46: 0.8 | Q46: 3.43 | R46: =M46*N46*O46*P46*Q46/100 -> 11.717978 | S46: =R46+K46 -> 14.196851 | U46: 260 | V46: 260 | W46: 3.14 | X46: =6/7.3 -> 0.82191781 | Y46: =V46*W46*X46/1000 -> 0.6710137 | AA46: 260 | AB46: 260 | AC46: 3.14 | AD46: 0.66 | AE46: =AC46*AB46*AD46/1000 -> 0.538824 | AF46: =2.5/7.7 -> 0.32467532 | AG46: =AE46+AF46 -> 0.86349932 | AI46: 260 | AJ46: 260 | AK46: 3.14 | AL46: 1.3 | AM46: =AK46*AJ46*AL46/1000 -> 1.06132 | AN46: 0.78 | AO46: =AM46+AN46 -> 1.84132 | AP46: 260 | AQ46: =AP46+50 -> 310 | AR46: =AO49 -> 2.08624
A47: 280 | B47: 1.12 | C47: 0.68 | D47: =B47+C47 -> 1.8 | F47: 280 | G47: 310 | H47: 3.14 | I47: 0.9577 | J47: 2.77 | K47: =I47*J47 -> 2.652829 | L47: 30 | M47: 360 | N47: 3.14 | O47: 0.4 | P47: 0.8 | Q47: 3.43 | R47: =M47*N47*O47*P47*Q47/100 -> 12.40727 | S47: =R47+K47 -> 15.060099 | U47: 280 | V47: 280 | W47: 3.14 | X47: =6/7.3 -> 0.82191781 | Y47: =V47*W47*X47/1000 -> 0.72263014 | AA47: 280 | AB47: 280 | AC47: 3.14 | AD47: 0.66 | AE47: =AC47*AB47*AD47/1000 -> 0.580272 | AF47: =2.5/7.7 -> 0.32467532 | AG47: =AE47+AF47 -> 0.90494732 | AI47: 280 | AJ47: 280 | AK47: 3.14 | AL47: 1.3 | AM47: =AK47*AJ47*AL47/1000 -> 1.14296 | AN47: 0.78 | AO47: =AM47+AN47 -> 1.92296 | AP47: 280 | AQ47: =AP47+50 -> 330 | AR47: =AO50 -> 2.2087
A48: 300 | B48: 1.12 | C48: 0.68 | D48: =B48+C48 -> 1.8 | F48: 300 | G48: 330 | H48: 3.14 | I48: 1.0205 | J48: 2.77 | K48: =I48*J48 -> 2.826785 | L48: 30 | M48: 380 | N48: 3.14 | O48: 0.4 | P48: 0.8 | Q48: 3.43 | R48: =M48*N48*O48*P48*Q48/100 -> 13.096563 | S48: =R48+K48 -> 15.923348 | U48: 300 | V48: 300 | W48: 3.14 | X48: =6/7.3 -> 0.82191781 | Y48: =V48*W48*X48/1000 -> 0.77424658 | AA48: 300 | AB48: 300 | AC48: 3.14 | AD48: 0.66 | AE48: =AC48*AB48*AD48/1000 -> 0.62172 | AF48: =2.5/7.7 -> 0.32467532 | AG48: =AE48+AF48 -> 0.94639532 | AI48: 300 | AJ48: 300 | AK48: 3.14 | AL48: 1.3 | AM48: =AK48*AJ48*AL48/1000 -> 1.2246 | AN48: 0.78 | AO48: =AM48+AN48 -> 2.0046 | AP48: 300 | AQ48: =AP48+50 -> 350 | AR48: =AO50 -> 2.2087
A49: 320 | B49: 1.28 | C49: 0.68 | D49: =B49+C49 -> 1.96 | F49: 320 | G49: 350 | H49: 3.14 | I49: 1.0833 | J49: 2.77 | K49: =I49*J49 -> 3.000741 | L49: 30 | M49: 400 | N49: 3.14 | O49: 0.4 | P49: 0.8 | Q49: 3.43 | R49: =M49*N49*O49*P49*Q49/100 -> 13.785856 | S49: =R49+K49 -> 16.786597 | U49: 320 | V49: 320 | W49: 3.14 | X49: =6/7.3 -> 0.82191781 | Y49: =V49*W49*X49/1000 -> 0.82586301 | AA49: 320 | AB49: 320 | AC49: 3.14 | AD49: 0.66 | AE49: =AC49*AB49*AD49/1000 -> 0.663168 | AF49: =2.5/7.7 -> 0.32467532 | AG49: =AE49+AF49 -> 0.98784332 | AI49: 320 | AJ49: 320 | AK49: 3.14 | AL49: 1.3 | AM49: =AK49*AJ49*AL49/1000 -> 1.30624 | AN49: 0.78 | AO49: =AM49+AN49 -> 2.08624 | AP49: 320 | AQ49: =AP49+50 -> 370 | AR49: =AO51 -> 2.37198
A50: 350 | B50: 1.28 | C50: 0.68 | D50: =B50+C50 -> 1.96 | F50: 350 | G50: 370 | H50: 3.14 | I50: 1.1775 | J50: 2.77 | K50: =I50*J50 -> 3.261675 | L50: 30 | M50: 430 | N50: 3.14 | O50: 0.4 | P50: 0.8 | Q50: 3.43 | R50: =M50*N50*O50*P50*Q50/100 -> 14.819795 | S50: =R50+K50 -> 18.08147 | U50: 350 | V50: 350 | W50: 3.14 | X50: =6/7.3 -> 0.82191781 | Y50: =V50*W50*X50/1000 -> 0.90328767 | AA50: 350 | AB50: 350 | AC50: 3.14 | AD50: 0.66 | AE50: =AC50*AB50*AD50/1000 -> 0.72534 | AF50: =2.5/7.7 -> 0.32467532 | AG50: =AE50+AF50 -> 1.0500153 | AI50: 350 | AJ50: 350 | AK50: 3.14 | AL50: 1.3 | AM50: =AK50*AJ50*AL50/1000 -> 1.4287 | AN50: 0.78 | AO50: =AM50+AN50 -> 2.2087 | AP50: 350 | AQ50: =AP50+50 -> 400 | AR50: 2.4128
A51: 400 | B51: 1.44 | C51: 0.68 | D51: =B51+C51 -> 2.12 | F51: 380 | G51: 400 | H51: 3.14 | I51: 1.2717 | J51: 2.77 | K51: =I51*J51 -> 3.522609 | L51: 30 | M51: 460 | N51: 3.14 | O51: 0.4 | P51: 0.8 | Q51: 3.43 | R51: =M51*N51*O51*P51*Q51/100 -> 15.853734 | S51: =R51+K51 -> 19.376343 | U51: 390 | V51: 390 | W51: 3.14 | X51: =6/7.3 -> 0.82191781 | Y51: =V51*W51*X51/1000 -> 1.0065205 | AA51: 390 | AB51: 390 | AC51: 3.14 | AD51: 0.66 | AE51: =AC51*AB51*AD51/1000 -> 0.808236 | AF51: =2.5/7.7 -> 0.32467532 | AG51: =AE51+AF51 -> 1.1329113 | AI51: 390 | AJ51: 390 | AK51: 3.14 | AL51: 1.3 | AM51: =AK51*AJ51*AL51/1000 -> 1.59198 | AN51: 0.78 | AO51: =AM51+AN51 -> 2.37198 | AP51: 390 | AQ51: =AP51+50 -> 440 | AR51: 2.4128
A52: 450 | B52: 2 | C52: 0.68 | D52: =B52+C52 -> 2.68 | F52: 400 | G52: 450 | H52: 3.14 | I52: 1.3345 | J52: 2.77 | K52: =I52*J52 -> 3.696565 | L52: 30 | M52: 480 | N52: 3.14 | O52: 0.4 | P52: 0.8 | Q52: 3.43 | R52: =M52*N52*O52*P52*Q52/100 -> 16.543027 | S52: =R52+K52 -> 20.239592 | U52: 400 | V52: 400 | W52: 3.14 | X52: =6/7.3 -> 0.82191781 | Y52: =V52*W52*X52/1000 -> 1.0323288 | AA52: 400 | AB52: 400 | AC52: 3.14 | AD52: 0.66 | AE52: =AC52*AB52*AD52/1000 -> 0.82896 | AF52: =2.5/7.7 -> 0.32467532 | AG52: =AE52+AF52 -> 1.1536353 | AI52: 400 | AJ52: 400 | AK52: 3.14 | AL52: 1.3 | AM52: =AK52*AJ52*AL52/1000 -> 1.6328 | AN52: 0.78 | AO52: =AM52+AN52 -> 2.4128 | AP52: 400 | AQ52: =AP52+50 -> 450 | AR52: 2.4128
A53: 500 | B53: 2.2 | C53: 0.68 | D53: =B53+C53 -> 2.88 | F53: 450 | G53: 500 | H53: 3.14 | I53: 1.4915 | J53: 2.77 | K53: =I53*J53 -> 4.131455 | L53: 30 | M53: 530 | N53: 3.14 | O53: 0.4 | P53: 0.8 | Q53: 3.43 | R53: =M53*N53*O53*P53*Q53/100 -> 18.266259 | S53: =R53+K53 -> 22.397714 | U53: 450 | V53: 450 | W53: 3.14 | X53: =6/7.3 -> 0.82191781 | Y53: =V53*W53*X53/1000 -> 1.1613699 | AA53: 450 | AB53: 450 | AC53: 3.14 | AD53: 0.66 | AE53: =AC53*AB53*AD53/1000 -> 0.93258 | AF53: =2.5/7.7 -> 0.32467532 | AG53: =AE53+AF53 -> 1.2572553 | AI53: 450 | AJ53: 450 | AK53: 3.14 | AL53: 1.3 | AM53: =AK53*AJ53*AL53/1000 -> 1.8369 | AN53: 0.78 | AO53: =AM53+AN53 -> 2.6169 | AP53: 450 | AQ53: =AP53+50 -> 500 | AR53: 2.6169
A54: 550 | B54: 2.5 | C54: 0.68 | D54: =B54+C54 -> 3.18 | F54: 500 | G54: 550 | H54: 3.14 | I54: 1.6485 | J54: 2.77 | K54: =I54*J54 -> 4.566345 | L54: 30 | M54: 580 | N54: 3.14 | O54: 0.5 | P54: 0.8 | Q54: 3.43 | R54: =M54*N54*O54*P54*Q54/100 -> 24.986864 | S54: =R54+K54 -> 29.553209 | U54: 500 | V54: 500 | W54: 3.14 | X54: =6/7.3 -> 0.82191781 | Y54: =V54*W54*X54/1000 -> 1.290411 | AA54: 500 | AB54: 500 | AC54: 3.14 | AD54: 0.66 | AE54: =AC54*AB54*AD54/1000 -> 1.0362 | AF54: =2.5/7.7 -> 0.32467532 | AG54: =AE54+AF54 -> 1.3608753 | AI54: 500 | AJ54: 500 | AK54: 3.14 | AL54: 1.3 | AM54: =AK54*AJ54*AL54/1000 -> 2.041 | AN54: 0.78 | AO54: =AM54+AN54 -> 2.821 | AP54: 500 | AQ54: =AP54+50 -> 550 | AR54: =AO55 -> 3.0251
A55: 600 | B55: 2.8 | C55: 0.68 | D55: =B55+C55 -> 3.48 | F55: 550 | G55: 600 | H55: 3.14 | I55: 1.8055 | J55: 2.77 | K55: =I55*J55 -> 5.001235 | L55: 30 | M55: 630 | N55: 3.14 | O55: 0.5 | P55: 0.8 | Q55: 3.43 | R55: =M55*N55*O55*P55*Q55/100 -> 27.140904 | S55: =R55+K55 -> 32.142139 | U55: 550 | V55: 550 | W55: 3.14 | X55: =6/7.3 -> 0.82191781 | Y55: =V55*W55*X55/1000 -> 1.4194521 | AA55: 550 | AB55: 550 | AC55: 3.14 | AD55: 0.66 | AE55: =AC55*AB55*AD55/1000 -> 1.13982 | AF55: =2.5/7.7 -> 0.32467532 | AG55: =AE55+AF55 -> 1.4644953 | AI55: 550 | AJ55: 550 | AK55: 3.14 | AL55: 1.3 | AM55: =AK55*AJ55*AL55/1000 -> 2.2451 | AN55: 0.78 | AO55: =AM55+AN55 -> 3.0251 | AP55: 550 | AQ55: =AP55+50 -> 600 | AR55: =AO56 -> 3.2292
A56: 650 | B56: 3.1 | C56: 0.68 | D56: =B56+C56 -> 3.78 | F56: 600 | G56: 650 | H56: 3.14 | I56: 1.9625 | J56: 2.77 | K56: =I56*J56 -> 5.436125 | L56: 30 | M56: 680 | N56: 3.14 | O56: 0.5 | P56: 0.8 | Q56: 3.43 | R56: =M56*N56*O56*P56*Q56/100 -> 29.294944 | S56: =R56+K56 -> 34.731069 | U56: 600 | V56: 600 | W56: 3.14 | X56: =6/7.3 -> 0.82191781 | Y56: =V56*W56*X56/1000 -> 1.5484932 | AA56: 600 | AB56: 600 | AC56: 3.14 | AD56: 0.66 | AE56: =AC56*AB56*AD56/1000 -> 1.24344 | AF56: =2.5/7.7 -> 0.32467532 | AG56: =AE56+AF56 -> 1.5681153 | AI56: 600 | AJ56: 600 | AK56: 3.14 | AL56: 1.3 | AM56: =AK56*AJ56*AL56/1000 -> 2.4492 | AN56: 0.78 | AO56: =AM56+AN56 -> 3.2292 | AP56: 600 | AQ56: =AP56+50 -> 650 | AR56: =AO57 -> 3.4333
A57: 700 | B57: 3.4 | C57: 0.68 | D57: =B57+C57 -> 4.08 | F57: 650 | G57: 700 | H57: 3.14 | I57: 2.1195 | J57: 2.77 | K57: =I57*J57 -> 5.871015 | L57: 30 | M57: 730 | N57: 3.14 | O57: 0.5 | P57: 0.8 | Q57: 3.43 | R57: =M57*N57*O57*P57*Q57/100 -> 31.448984 | S57: =R57+K57 -> 37.319999 | U57: 650 | V57: 650 | W57: 3.14 | X57: =6/7.3 -> 0.82191781 | Y57: =V57*W57*X57/1000 -> 1.6775342 | AA57: 650 | AB57: 650 | AC57: 3.14 | AD57: 0.66 | AE57: =AC57*AB57*AD57/1000 -> 1.34706 | AF57: =2.5/7.7 -> 0.32467532 | AG57: =AE57+AF57 -> 1.6717353 | AI57: 650 | AJ57: 650 | AK57: 3.14 | AL57: 1.3 | AM57: =AK57*AJ57*AL57/1000 -> 2.6533 | AN57: 0.78 | AO57: =AM57+AN57 -> 3.4333 | AP57: 650 | AQ57: =AP57+50 -> 700 | AR57: =AO58 -> 3.6374
A58: 750 | B58: 3.7 | C58: 0.68 | D58: =B58+C58 -> 4.38 | F58: 700 | G58: 750 | H58: 3.14 | I58: 2.2765 | J58: 2.77 | K58: =I58*J58 -> 6.305905 | L58: 30 | M58: 780 | N58: 3.14 | O58: 0.5 | P58: 0.8 | Q58: 3.43 | R58: =M58*N58*O58*P58*Q58/100 -> 33.603024 | S58: =R58+K58 -> 39.908929 | U58: 700 | V58: 700 | W58: 3.14 | X58: =6/7.3 -> 0.82191781 | Y58: =V58*W58*X58/1000 -> 1.8065753 | AA58: 700 | AB58: 700 | AC58: 3.14 | AD58: 0.66 | AE58: =AC58*AB58*AD58/1000 -> 1.45068 | AF58: =2.5/7.7 -> 0.32467532 | AG58: =AE58+AF58 -> 1.7753553 | AI58: 700 | AJ58: 700 | AK58: 3.14 | AL58: 1.3 | AM58: =AK58*AJ58*AL58/1000 -> 2.8574 | AN58: 0.78 | AO58: =AM58+AN58 -> 3.6374 | AP58: 700 | AQ58: =AP58+50 -> 750 | AR58: =AO59 -> 3.8415
A59: 800 | B59: 4 | C59: 0.68 | D59: =B59+C59 -> 4.68 | F59: 750 | G59: 800 | H59: 3.14 | I59: 2.4335 | J59: 2.77 | K59: =I59*J59 -> 6.740795 | L59: 30 | M59: 830 | N59: 3.14 | O59: 0.5 | P59: 0.8 | Q59: 3.43 | R59: =M59*N59*O59*P59*Q59/100 -> 35.757064 | S59: =R59+K59 -> 42.497859 | U59: 750 | V59: 750 | W59: 3.14 | X59: =6/7.3 -> 0.82191781 | Y59: =V59*W59*X59/1000 -> 1.9356164 | AA59: 750 | AB59: 750 | AC59: 3.14 | AD59: 0.66 | AE59: =AC59*AB59*AD59/1000 -> 1.5543 | AF59: =2.5/7.7 -> 0.32467532 | AG59: =AE59+AF59 -> 1.8789753 | AI59: 750 | AJ59: 750 | AK59: 3.14 | AL59: 1.3 | AM59: =AK59*AJ59*AL59/1000 -> 3.0615 | AN59: 0.78 | AO59: =AM59+AN59 -> 3.8415 | AP59: 750 | AQ59: =AP59+50 -> 800 | AR59: =AO60 -> 4.0456
A60: 850 | B60: 4.3 | C60: 0.68 | D60: =B60+C60 -> 4.98 | F60: 800 | G60: 850 | H60: 3.14 | I60: 2.5905 | J60: 2.77 | K60: =I60*J60 -> 7.175685 | L60: 30 | M60: 880 | N60: 3.14 | O60: 0.5 | P60: 0.8 | Q60: 3.43 | R60: =M60*N60*O60*P60*Q60/100 -> 37.911104 | S60: =R60+K60 -> 45.086789 | U60: 800 | V60: 800 | W60: 3.14 | X60: =6/7.3 -> 0.82191781 | Y60: =V60*W60*X60/1000 -> 2.0646575 | AA60: 800 | AB60: 800 | AC60: 3.14 | AD60: 0.66 | AE60: =AC60*AB60*AD60/1000 -> 1.65792 | AF60: =2.5/7.7 -> 0.32467532 | AG60: =AE60+AF60 -> 1.9825953 | AI60: 800 | AJ60: 800 | AK60: 3.14 | AL60: 1.3 | AM60: =AK60*AJ60*AL60/1000 -> 3.2656 | AN60: 0.78 | AO60: =AM60+AN60 -> 4.0456 | AP60: 800 | AQ60: =AP60+50 -> 850 | AR60: =AO61 -> 4.2497
A61: 900 | B61: 4.6 | C61: 0.68 | D61: =B61+C61 -> 5.28 | F61: 850 | G61: 900 | H61: 3.14 | I61: 2.7475 | J61: 2.77 | K61: =I61*J61 -> 7.610575 | L61: 30 | M61: 930 | N61: 3.14 | O61: 0.5 | P61: 0.8 | Q61: 3.43 | R61: =M61*N61*O61*P61*Q61/100 -> 40.065144 | S61: =R61+K61 -> 47.675719 | U61: 850 | V61: 850 | W61: 3.14 | X61: =6/7.3 -> 0.82191781 | Y61: =V61*W61*X61/1000 -> 2.1936986 | AA61: 850 | AB61: 850 | AC61: 3.14 | AD61: 0.66 | AE61: =AC61*AB61*AD61/1000 -> 1.76154 | AF61: =2.5/7.7 -> 0.32467532 | AG61: =AE61+AF61 -> 2.0862153 | AI61: 850 | AJ61: 850 | AK61: 3.14 | AL61: 1.3 | AM61: =AK61*AJ61*AL61/1000 -> 3.4697 | AN61: 0.78 | AO61: =AM61+AN61 -> 4.2497 | AP61: 850 | AQ61: =AP61+50 -> 900 | AR61: =AO62 -> 4.4538
A62: 950 | B62: 4.9 | C62: 0.68 | D62: =B62+C62 -> 5.58 | F62: 900 | G62: 950 | H62: 3.14 | I62: 2.9045 | J62: 2.77 | K62: =I62*J62 -> 8.045465 | L62: 30 | M62: 980 | N62: 3.14 | O62: 0.5 | P62: 0.8 | Q62: 3.43 | R62: =M62*N62*O62*P62*Q62/100 -> 42.219184 | S62: =R62+K62 -> 50.264649 | U62: 900 | V62: 900 | W62: 3.14 | X62: =6/7.3 -> 0.82191781 | Y62: =V62*W62*X62/1000 -> 2.3227397 | AA62: 900 | AB62: 900 | AC62: 3.14 | AD62: 0.66 | AE62: =AC62*AB62*AD62/1000 -> 1.86516 | AF62: =2.5/7.7 -> 0.32467532 | AG62: =AE62+AF62 -> 2.1898353 | AI62: 900 | AJ62: 900 | AK62: 3.14 | AL62: 1.3 | AM62: =AK62*AJ62*AL62/1000 -> 3.6738 | AN62: 0.78 | AO62: =AM62+AN62 -> 4.4538 | AP62: 900 | AQ62: =AP62+50 -> 950 | AR62: =AO63 -> 4.6579
A63: 1000 | B63: 5.2 | C63: 0.68 | D63: =B63+C63 -> 5.88 | F63: 950 | G63: 1000 | H63: 3.14 | I63: 3.0615 | J63: 2.77 | K63: =I63*J63 -> 8.480355 | L63: 30 | M63: 1030 | N63: 3.14 | O63: 0.5 | P63: 0.8 | Q63: 3.43 | R63: =M63*N63*O63*P63*Q63/100 -> 44.373224 | S63: =R63+K63 -> 52.853579 | U63: 950 | V63: 950 | W63: 3.14 | X63: =6/7.3 -> 0.82191781 | Y63: =V63*W63*X63/1000 -> 2.4517808 | AA63: 950 | AB63: 950 | AC63: 3.14 | AD63: 0.66 | AE63: =AC63*AB63*AD63/1000 -> 1.96878 | AF63: =2.5/7.7 -> 0.32467532 | AG63: =AE63+AF63 -> 2.2934553 | AI63: 950 | AJ63: 950 | AK63: 3.14 | AL63: 1.3 | AM63: =AK63*AJ63*AL63/1000 -> 3.8779 | AN63: 0.78 | AO63: =AM63+AN63 -> 4.6579 | AP63: 950 | AQ63: =AP63+50 -> 1000 | AR63: =AO64 -> 4.862
A64: 1050 | B64: 5.5 | C64: 0.68 | D64: =B64+C64 -> 6.18 | F64: 1000 | G64: 1050 | H64: 3.14 | I64: 3.2185 | J64: 2.77 | K64: =I64*J64 -> 8.915245 | L64: 30 | M64: 1080 | N64: 3.14 | O64: 0.5 | P64: 0.8 | Q64: 3.43 | R64: =M64*N64*O64*P64*Q64/100 -> 46.527264 | S64: =R64+K64 -> 55.442509 | U64: 1000 | V64: 1000 | W64: 3.14 | X64: =6/7.3 -> 0.82191781 | Y64: =V64*W64*X64/1000 -> 2.5808219 | AA64: 1000 | AB64: 1000 | AC64: 3.14 | AD64: 0.66 | AE64: =AC64*AB64*AD64/1000 -> 2.0724 | AF64: =2.5/7.7 -> 0.32467532 | AG64: =AE64+AF64 -> 2.3970753 | AI64: 1000 | AJ64: 1000 | AK64: 3.14 | AL64: 1.3 | AM64: =AK64*AJ64*AL64/1000 -> 4.082 | AN64: 0.78 | AO64: =AM64+AN64 -> 4.862 | AP64: 1000 | AQ64: =AP64+50 -> 1050 | AR64: =AO65 -> 5.0661
A65: 1100 | B65: 5.8 | C65: 0.68 | D65: =B65+C65 -> 6.48 | F65: 1050 | G65: 1100 | H65: 3.14 | I65: 3.3755 | J65: 2.77 | K65: =I65*J65 -> 9.350135 | L65: 30 | M65: 1130 | N65: 3.14 | O65: 0.5 | P65: 0.8 | Q65: 3.43 | R65: =M65*N65*O65*P65*Q65/100 -> 48.681304 | S65: =R65+K65 -> 58.031439 | U65: 1050 | V65: 1050 | W65: 3.14 | X65: =6/7.3 -> 0.82191781 | Y65: =V65*W65*X65/1000 -> 2.709863 | AA65: 1050 | AB65: 1050 | AC65: 3.14 | AD65: 0.66 | AE65: =AC65*AB65*AD65/1000 -> 2.17602 | AF65: =2.5/7.7 -> 0.32467532 | AG65: =AE65+AF65 -> 2.5006953 | AI65: 1050 | AJ65: 1050 | AK65: 3.14 | AL65: 1.3 | AM65: =AK65*AJ65*AL65/1000 -> 4.2861 | AN65: 0.78 | AO65: =AM65+AN65 -> 5.0661 | AP65: 1050 | AQ65: =AP65+50 -> 1100 | AR65: =AO66 -> 5.2702
A66: 1150 | B66: 6.1 | C66: 0.68 | D66: =B66+C66 -> 6.78 | F66: 1100 | G66: 1150 | H66: 3.14 | I66: 3.5325 | J66: 2.77 | K66: =I66*J66 -> 9.785025 | L66: 30 | M66: 1180 | N66: 3.14 | O66: 0.5 | P66: 0.8 | Q66: 3.43 | R66: =M66*N66*O66*P66*Q66/100 -> 50.835344 | S66: =R66+K66 -> 60.620369 | U66: 1100 | V66: 1100 | W66: 3.14 | X66: =6/7.3 -> 0.82191781 | Y66: =V66*W66*X66/1000 -> 2.8389041 | AA66: 1100 | AB66: 1100 | AC66: 3.14 | AD66: 0.66 | AE66: =AC66*AB66*AD66/1000 -> 2.27964 | AF66: =2.5/7.7 -> 0.32467532 | AG66: =AE66+AF66 -> 2.6043153 | AI66: 1100 | AJ66: 1100 | AK66: 3.14 | AL66: 1.3 | AM66: =AK66*AJ66*AL66/1000 -> 4.4902 | AN66: 0.78 | AO66: =AM66+AN66 -> 5.2702 | AP66: 1100 | AQ66: =AP66+50 -> 1150 | AR66: =#REF! -> #REF!
A67: 1250 | B67: 6.7 | C67: 0.68 | D67: =B67+C67 -> 7.38 | F67: 1200 | G67: 1250 | H67: 3.14 | I67: 3.8465 | J67: 2.77 | K67: =I67*J67 -> 10.654805 | L67: 30 | M67: 1280 | N67: 3.14 | O67: 0.5 | P67: 0.8 | Q67: 3.43 | R67: =M67*N67*O67*P67*Q67/100 -> 55.143424 | S67: =R67+K67 -> 65.798229 | U67: 1200 | V67: 1200 | W67: 3.14 | X67: =6/7.3 -> 0.82191781 | Y67: =V67*W67*X67/1000 -> 3.0969863 | AA67: 1200 | AB67: 1200 | AC67: 3.14 | AD67: 0.66 | AE67: =AC67*AB67*AD67/1000 -> 2.48688 | AF67: =2.5/7.7 -> 0.32467532 | AG67: =AE67+AF67 -> 2.8115553 | AI67: 1200 | AJ67: 1200 | AK67: 3.14 | AL67: 1.3 | AM67: =AK67*AJ67*AL67/1000 -> 4.8984 | AN67: 0.78 | AO67: =AM67+AN67 -> 5.6784 | AP67: 1200 | AQ67: =AP67+50 -> 1250 | AR67: =#REF! -> #REF!
F68: 1300 | G68: 1350 | H68: 3.14 | I68: 4.1605 | J68: 2.77 | K68: =I68*J68 -> 11.524585 | L68: 30 | M68: 1380 | N68: 3.14 | O68: 0.5 | P68: 0.8 | Q68: 3.43 | R68: =M68*N68*O68*P68*Q68/100 -> 59.451504 | S68: =R68+K68 -> 70.976089 | U68: 1300 | V68: 1300 | W68: 3.14 | X68: =6/7.3 -> 0.82191781 | Y68: =V68*W68*X68/1000 -> 3.3550685 | AA68: 1300 | AB68: 1300 | AC68: 3.14 | AD68: 0.66 | AE68: =AC68*AB68*AD68/1000 -> 2.69412 | AF68: =2.5/7.7 -> 0.32467532 | AG68: =AE68+AF68 -> 3.0187953 | AI68: 1300 | AJ68: 1300 | AK68: 3.14 | AL68: 1.3 | AM68: =AK68*AJ68*AL68/1000 -> 5.3066 | AN68: 0.78 | AO68: =AM68+AN68 -> 6.0866 | AP68: 1300 | AQ68: =AP68+50 -> 1350 | AR68: =AO68*1.05 -> 6.39093
F70: İZOLASYON | G70: TAŞ YÜNÜ + MODUL (CM ) | H70: Pİ | I70: mm | J70: 50 MM Metresi $ (29 TL) | K70: $ | L70: mm | M70: DIŞ CİDAR | N70: Pİ | O70: Kalınlık | P70: Yogunluk | Q70: 430 Metresi (30 TL) | R70: $ | S70: TOPLAM İZOLASYON+ KILIF
E71: 100 | F71: 100 | G71: =F71+$E$71 -> 200 | H71: 3.14 | I71: =G71*H71/1000 -> 0.628 | J71: 3.32 | K71: =I71*J71 -> 2.08496 | L71: 10 | M71: =L71+G71 -> 210 | N71: 3.14 | O71: 0.4 | P71: 0.8 | Q71: 3.43 | R71: =Q71*P71*O71*N71*M71/100 -> 7.2375744 | S71: =R71+K71 -> 9.3225344
D72: =G67*H68/1000 -> 3.925 | F72: 130 | G72: =F72+$E$71 -> 230 | H72: 3.14 | I72: =G72*H72/1000 -> 0.7222 | J72: 3.32 | K72: =I72*J72 -> 2.397704 | L72: 10 | M72: =L72+G72 -> 240 | N72: 3.14 | O72: 0.4 | P72: 0.8 | Q72: 3.43 | R72: =Q72*P72*O72*N72*M72/100 -> 8.2715136 | S72: =R72+K72 -> 10.669218
F73: 150 | G73: =F73+$E$71 -> 250 | H73: 3.14 | I73: =G73*H73/1000 -> 0.785 | J73: 3.32 | K73: =I73*J73 -> 2.6062 | L73: 10 | M73: =L73+G73 -> 260 | N73: 3.14 | O73: 0.4 | P73: 0.8 | Q73: 3.43 | R73: =Q73*P73*O73*N73*M73/100 -> 8.9608064 | S73: =R73+K73 -> 11.567006
F74: 180 | G74: =F74+$E$71 -> 280 | H74: 3.14 | I74: =G74*H74/1000 -> 0.8792 | J74: 3.32 | K74: =I74*J74 -> 2.918944 | L74: 10 | M74: =L74+G74 -> 290 | N74: 3.14 | O74: 0.4 | P74: 0.8 | Q74: 3.43 | R74: =Q74*P74*O74*N74*M74/100 -> 9.9947456 | S74: =R74+K74 -> 12.91369
F75: 200 | G75: =F75+$E$71 -> 300 | H75: 3.14 | I75: =G75*H75/1000 -> 0.942 | J75: 3.32 | K75: =I75*J75 -> 3.12744 | L75: 10 | M75: =L75+G75 -> 310 | N75: 3.14 | O75: 0.4 | P75: 0.8 | Q75: 3.43 | R75: =Q75*P75*O75*N75*M75/100 -> 10.684038 | S75: =R75+K75 -> 13.811478
F76: 225 | G76: =F76+$E$71 -> 325 | H76: 3.14 | I76: =G76*H76/1000 -> 1.0205 | J76: 3.32 | K76: =I76*J76 -> 3.38806 | L76: 10 | M76: =L76+G76 -> 335 | N76: 3.14 | O76: 0.4 | P76: 0.8 | Q76: 3.43 | R76: =Q76*P76*O76*N76*M76/100 -> 11.545654 | S76: =R76+K76 -> 14.933714
F77: 250 | G77: =F77+$E$71 -> 350 | H77: 3.14 | I77: =G77*H77/1000 -> 1.099 | J77: 3.32 | K77: =I77*J77 -> 3.64868 | L77: 10 | M77: =L77+G77 -> 360 | N77: 3.14 | O77: 0.4 | P77: 0.8 | Q77: 3.43 | R77: =Q77*P77*O77*N77*M77/100 -> 12.40727 | S77: =R77+K77 -> 16.05595
F78: 260 | G78: =F78+$E$71 -> 360 | H78: 3.14 | I78: =G78*H78/1000 -> 1.1304 | J78: 3.32 | K78: =I78*J78 -> 3.752928 | L78: 10 | M78: =L78+G78 -> 370 | N78: 3.14 | O78: 0.4 | P78: 0.8 | Q78: 3.43 | R78: =Q78*P78*O78*N78*M78/100 -> 12.751917 | S78: =R78+K78 -> 16.504845
F79: 280 | G79: =F79+$E$71 -> 380 | H79: 3.14 | I79: =G79*H79/1000 -> 1.1932 | J79: 3.32 | K79: =I79*J79 -> 3.961424 | L79: 10 | M79: =L79+G79 -> 390 | N79: 3.14 | O79: 0.4 | P79: 0.8 | Q79: 3.43 | R79: =Q79*P79*O79*N79*M79/100 -> 13.44121 | S79: =R79+K79 -> 17.402634
F80: 300 | G80: =F80+$E$71 -> 400 | H80: 3.14 | I80: =G80*H80/1000 -> 1.256 | J80: 3.32 | K80: =I80*J80 -> 4.16992 | L80: 10 | M80: =L80+G80 -> 410 | N80: 3.14 | O80: 0.4 | P80: 0.8 | Q80: 3.43 | R80: =Q80*P80*O80*N80*M80/100 -> 14.130502 | S80: =R80+K80 -> 18.300422
F81: 320 | G81: =F81+$E$71 -> 420 | H81: 3.14 | I81: =G81*H81/1000 -> 1.3188 | J81: 3.32 | K81: =I81*J81 -> 4.378416 | L81: 10 | M81: =L81+G81 -> 430 | N81: 3.14 | O81: 0.4 | P81: 0.8 | Q81: 3.43 | R81: =Q81*P81*O81*N81*M81/100 -> 14.819795 | S81: =R81+K81 -> 19.198211
F82: 350 | G82: =F82+$E$71 -> 450 | H82: 3.14 | I82: =G82*H82/1000 -> 1.413 | J82: 3.32 | K82: =I82*J82 -> 4.69116 | L82: 10 | M82: =L82+G82 -> 460 | N82: 3.14 | O82: 0.4 | P82: 0.8 | Q82: 3.43 | R82: =Q82*P82*O82*N82*M82/100 -> 15.853734 | S82: =R82+K82 -> 20.544894
F83: 400 | G83: =F83+$E$71 -> 500 | H83: 3.14 | I83: =G83*H83/1000 -> 1.57 | J83: 3.32 | K83: =I83*J83 -> 5.2124 | L83: 10 | M83: =L83+G83 -> 510 | N83: 3.14 | O83: 0.4 | P83: 0.8 | Q83: 3.43 | R83: =Q83*P83*O83*N83*M83/100 -> 17.576966 | S83: =R83+K83 -> 22.789366
F84: 450 | G84: =F84+$E$71 -> 550 | H84: 3.14 | I84: =G84*H84/1000 -> 1.727 | J84: 3.32 | K84: =I84*J84 -> 5.73364 | L84: 10 | M84: =L84+G84 -> 560 | N84: 3.14 | O84: 0.4 | P84: 0.8 | Q84: 3.43 | R84: =Q84*P84*O84*N84*M84/100 -> 19.300198 | S84: =R84+K84 -> 25.033838
... F99: 1300 | G99: =F99+$E$71 -> 1400 | H99: 3.14 | I99: =G99*H99/1000 -> 4.396 | J99: 3.32 | K99: =I99*J99 -> 14.59472 | L99: 10 | M99: =L99+G99 -> 1410 | N99: 3.14 | O99: 0.5 | P99: 0.8 | Q99: 3.43 | R99: =Q99*P99*O99*N99*M99/100 -> 60.743928 | S99: =R99+K99 -> 75.338648

Sheet BAĞLANTI KELEPÇESİ
A1: BAĞLANTI KELEPÇESİ | B1: ÇAPI | C1: Pİ | D1: Birim maliyet $ | F1: kelepçe kulağı TL | G1: $ BİRİM | H1: $
A2: 100 | B2: 100 | C2: 3.14 | D2: 0.66 | E2: =C2*B2*D2/1000 -> 0.20724 | F2: 2.5 | G2: 7.7 | H2: =E2+F2/G2 -> 0.53191532
A3: 130 | B3: 130 | C3: 3.14 | D3: 0.66 | E3: =C3*B3*D3/1000 -> 0.269412 | F3: 2.5 | G3: 7.7 | H3: =E3+F3/G3 -> 0.59408732
A4: 140 | B4: 140 | C4: 3.14 | D4: 0.66 | E4: =C4*B4*D4/1000 -> 0.290136 | F4: 2.5 | G4: 7.7 | H4: =E4+F4/G4 -> 0.61481132
A5: 150 | B5: 150 | C5: 3.14 | D5: 0.66 | E5: =C5*B5*D5/1000 -> 0.31086 | F5: 2.5 | G5: 7.7 | H5: =E5+F5/G5 -> 0.63553532
A6: 180 | B6: 180 | C6: 3.14 | D6: 0.66 | E6: =C6*B6*D6/1000 -> 0.373032 | F6: 2.5 | G6: 7.7 | H6: =E6+F6/G6 -> 0.69770732
A7: 200 | B7: 200 | C7: 3.14 | D7: 0.66 | E7: =C7*B7*D7/1000 -> 0.41448 | F7: 2.5 | G7: 7.7 | H7: =E7+F7/G7 -> 0.73915532
A8: 225 | B8: 225 | C8: 3.14 | D8: 0.66 | E8: =C8*B8*D8/1000 -> 0.46629 | F8: 2.5 | G8: 7.7 | H8: =E8+F8/G8 -> 0.79096532
A9: 240 | B9: 240 | C9: 3.14 | D9: 0.66 | E9: =C9*B9*D9/1000 -> 0.497376 | F9: 2.5 | G9: 7.7 | H9: =E9+F9/G9 -> 0.82205132
A10: 250 | B10: 250 | C10: 3.14 | D10: 0.66 | E10: =C10*B10*D10/1000 -> 0.5181 | F10: 2.5 | G10: 7.7 | H10: =E10+F10/G10 -> 0.84277532
A11: 260 | B11: 260 | C11: 3.14 | D11: 0.66 | E11: =C11*B11*D11/1000 -> 0.538824 | F11: 2.5 | G11: 7.7 | H11: =E11+F11/G11 -> 0.86349932
A12: 280 | B12: 280 | C12: 3.14 | D12: 0.66 | E12: =C12*B12*D12/1000 -> 0.580272 | F12: 2.5 | G12: 7.7 | H12: =E12+F12/G12 -> 0.90494732
A13: 300 | B13: 300 | C13: 3.14 | D13: 0.66 | E13: =C13*B13*D13/1000 -> 0.62172 | F13: 2.5 | G13: 7.7 | H13: =E13+F13/G13 -> 0.94639532
... A35: 1300 | B35: 1300 | C35: 3.14 | D35: 0.66 | E35: =C35*B35*D35/1000 -> 2.69412 | F35: 2.5 | G35: 7.7 | H35: =E35+F35/G35 -> 3.0187953

Sheet DUVAR KELEPÇE
A1: DUVAR KELEPÇE | D1: Birim maliyet $ (7cm sac kullanıldı. ) | F1: VİDA | G1: MALİYETİ | H1: DUVAR KELEPÇESİ + İZOLE | J1: MALİYETİ
A2: 100 | B2: 100 | C2: 3.14 | D2: 1.3 | E2: =C2*B2*D2/1000 -> 0.4082 | F2: 0.78 | G2: =E2+F2 -> 1.1882 | H2: 100 | I2: =H2+50 -> 150 | J2: 1.3923
A3: 130 | B3: 130 | C3: 3.14 | D3: 1.3 | E3: =C3*B3*D3/1000 -> 0.53066 | F3: 0.78 | G3: =E3+F3 -> 1.31066 | H3: 130 | I3: 180 | J3: 1.51476
A4: 140 | B4: 140 | C4: 3.14 | D4: 1.3 | E4: =C4*B4*D4/1000 -> 0.57148 | F4: 0.78 | G4: =E4+F4 -> 1.35148 | H4: 140 | I4: =H4+50 -> 190 | J4: 1.5964
A5: 150 | B5: 150 | C5: 3.14 | D5: 1.3 | E5: =C5*B5*D5/1000 -> 0.6123 | F5: 0.78 | G5: =E5+F5 -> 1.3923 | H5: 150 | I5: =H5+50 -> 200 | J5: 1.69845
A6: 180 | B6: 180 | C6: 3.14 | D6: 1.3 | E6: =C6*B6*D6/1000 -> 0.73476 | F6: 0.78 | G6: =E6+F6 -> 1.51476 | H6: 180 | I6: =H6+50 -> 230 | J6: 1.75968
A7: 200 | B7: 200 | C7: 3.14 | D7: 1.3 | E7: =C7*B7*D7/1000 -> 0.8164 | F7: 0.78 | G7: =E7+F7 -> 1.5964 | H7: 200 | I7: =H7+50 -> 250 | J7: 1.8005
A8: 225 | B8: 225 | C8: 3.14 | D8: 1.3 | E8: =C8*B8*D8/1000 -> 0.91845 | F8: 0.78 | G8: =E8+F8 -> 1.69845 | H8: 225 | I8: =H8+50 -> 275 | J8: 1.92296
A9: 250 | B9: 250 | C9: 3.14 | D9: 1.3 | E9: =C9*B9*D9/1000 -> 1.0205 | F9: 0.78 | G9: =E9+F9 -> 1.8005 | H9: 250 | I9: =H9+50 -> 300 | J9: 2.0046
A10: 260 | B10: 260 | C10: 3.14 | D10: 1.3 | E10: =C10*B10*D10/1000 -> 1.06132 | F10: 0.78 | G10: =E10+F10 -> 1.84132 | H10: 260 | I10: =H10+50 -> 310 | J10: 2.0046
A11: 280 | B11: 280 | C11: 3.14 | D11: 1.3 | E11: =C11*B11*D11/1000 -> 1.14296 | F11: 0.78 | G11: =E11+F11 -> 1.92296 | H11: 280 | I11: =H11+50 -> 330 | J11: 2.08624
A12: 300 | B12: 300 | C12: 3.14 | D12: 1.3 | E12: =C12*B12*D12/1000 -> 1.2246 | F12: 0.78 | G12: =E12+F12 -> 2.0046 | H12: 300 | I12: =H12+50 -> 350 | J12: 2.2087
A13: 320 | B13: 320 | C13: 3.14 | D13: 1.3 | E13: =C13*B13*D13/1000 -> 1.30624 | F13: 0.78 | G13: =E13+F13 -> 2.08624 | H13: 320 | I13: =H13+50 -> 370 | J13: 2.37198
A14: 350 | B14: 350 | C14: 3.14 | D14: 1.3 | E14: =C14*B14*D14/1000 -> 1.4287 | F14: 0.78 | G14: =E14+F14 -> 2.2087 | H14: 350 | I14: =H14+50 -> 400 | J14: 2.4128
A15: 400 | B15: 400 | C15: 3.14 | D15: 1.3 | E15: =C15*B15*D15/1000 -> 1.6328 | F15: 0.78 | G15: =E15+F15 -> 2.4128 | H15: 400 | I15: =H15+50 -> 450 | J15: 2.6169
A16: 450 | B16: 450 | C16: 3.14 | D16: 1.3 | E16: =C16*B16*D16/1000 -> 1.8369 | F16: 0.78 | G16: =E16+F16 -> 2.6169 | H16: 450 | I16: =H16+50 -> 500 | J16: =Sayfa2!CC18 -> 2.821
A17: 500 | B17: 500 | C17: 3.14 | D17: 1.3 | E17: =C17*B17*D17/1000 -> 2.041 | F17: 0.78 | G17: =E17+F17 -> 2.821 | H17: 500 | I17: =H17+50 -> 550 | J17: =Sayfa2!CC19 -> 3.0251
A18: 550 | B18: 550 | C18: 3.14 | D18: 1.3 | E18: =C18*B18*D18/1000 -> 2.2451 | F18: 0.78 | G18: =E18+F18 -> 3.0251 | H18: 550 | I18: =H18+50 -> 600 | J18: =Sayfa2!CC20 -> 3.2292
A19: 600 | B19: 600 | C19: 3.14 | D19: 1.3 | E19: =C19*B19*D19/1000 -> 2.4492 | F19: 0.78 | G19: =E19+F19 -> 3.2292 | H19: 600 | I19: =H19+50 -> 650 | J19: =Sayfa2!CC21 -> 3.4333
A20: 650 | B20: 650 | C20: 3.14 | D20: 1.3 | E20: =C20*B20*D20/1000 -> 2.6533 | F20: 0.78 | G20: =E20+F20 -> 3.4333 | H20: 650 | I20: =H20+50 -> 700 | J20: =Sayfa2!CC22 -> 3.6374
A21: 700 | B21: 700 | C21: 3.14 | D21: 1.3 | E21: =C21*B21*D21/1000 -> 2.8574 | F21: 0.78 | G21: =E21+F21 -> 3.6374 | H21: 700 | I21: =H21+50 -> 750 | J21: =Sayfa2!CC23 -> 3.8415
A22: 750 | B22: 750 | C22: 3.14 | D22: 1.3 | E22: =C22*B22*D22/1000 -> 3.0615 | F22: 0.78 | G22: =E22+F22 -> 3.8415 | H22: 750 | I22: =H22+50 -> 800 | J22: =Sayfa2!CC24 -> 4.0456
A23: 800 | B23: 800 | C23: 3.14 | D23: 1.3 | E23: =C23*B23*D23/1000 -> 3.2656 | F23: 0.78 | G23: =E23+F23 -> 4.0456 | H23: 800 | I23: =H23+50 -> 850 | J23: =Sayfa2!CC25 -> 4.2497
A24: 850 | B24: 850 | C24: 3.14 | D24: 1.3 | E24: =C24*B24*D24/1000 -> 3.4697 | F24: 0.78 | G24: =E24+F24 -> 4.2497 | H24: 850 | I24: =H24+50 -> 900 | J24: =Sayfa2!CC26 -> 4.4538
A25: 900 | B25: 900 | C25: 3.14 | D25: 1.3 | E25: =C25*B25*D25/1000 -> 3.6738 | F25: 0.78 | G25: =E25+F25 -> 4.4538 | H25: 900 | I25: =H25+50 -> 950 | J25: =Sayfa2!CC27 -> 4.6579
A26: 950 | B26: 950 | C26: 3.14 | D26: 1.3 | E26: =C26*B26*D26/1000 -> 3.8779 | F26: 0.78 | G26: =E26+F26 -> 4.6579 | H26: 950 | I26: =H26+50 -> 1000 | J26: =Sayfa2!CC28 -> 4.862
A27: 1000 | B27: 1000 | C27: 3.14 | D27: 1.3 | E27: =C27*B27*D27/1000 -> 4.082 | F27: 0.78 | G27: =E27+F27 -> 4.862 | H27: 1000 | I27: =H27+50 -> 1050 | J27: =Sayfa2!CC29 -> 5.0661
... A32: 1300 | B32: 1300 | C32: 3.14 | D32: 1.3 | E32: =C32*B32*D32/1000 -> 5.3066 | F32: 0.78 | G32: =E32+F32 -> 6.0866 | H32: 1300 | I32: =H32+50 -> 1350 | J32: =Sayfa2!CC34 -> 6.0866

Sheet SON KAPAMA
A1: SON KAPAMA ÇAPI | B1: Pİ | C1: BOYU | D1: KULLANILAN SAC m | E1: SON KAPAMA İZOLESİ 1msinin fiyatı | F1: TUTARI
A2: 100 | B2: 3.14 | C2: 0.25 | D2: =B2*A2*C2/1000 -> 0.0785 | E2: =AX2 -> 0 | F2: =C2*E2 -> 0
A3: 130 | B3: 3.14 | C3: 0.25 | D3: =B3*A3*C3/1000 -> 0.10205 | E3: =AX3 -> 0 | F3: =C3*E3 -> 0
A4: 140 | B4: 3.14 | C4: 0.25 | D4: =B4*A4*C4/1000 -> 0.1099 | E4: =AX4 -> 0 | F4: =C4*E4 -> 0
A5: 150 | B5: 3.14 | C5: 0.25 | D5: =B5*A5*C5/1000 -> 0.11775 | E5: =AX5 -> 0 | F5: =C5*E5 -> 0
A6: 180 | B6: 3.14 | C6: 0.25 | D6: =B6*A6*C6/1000 -> 0.1413 | E6: =AX6 -> 0 | F6: =C6*E6 -> 0
A7: 200 | B7: 3.14 | C7: 0.25 | D7: =B7*A7*C7/1000 -> 0.157 | E7: =AX7 -> 0 | F7: =C7*E7 -> 0
A8: 225 | B8: 3.14 | C8: 0.25 | D8: =B8*A8*C8/1000 -> 0.176625 | E8: =AX8 -> 0 | F8: =C8*E8 -> 0
A9: 240 | B9: 3.14 | C9: 0.25 | D9: =B9*A9*C9/1000 -> 0.1884 | E9: =AX9 -> 0 | F9: =C9*E9 -> 0
A10: 250 | B10: 3.14 | C10: 0.25 | D10: =B10*A10*C10/1000 -> 0.19625 | E10: =AX10 -> 0 | F10: =C10*E10 -> 0
A11: 260 | B11: 3.14 | C11: 0.25 | D11: =B11*A11*C11/1000 -> 0.2041 | E11: =AX11 -> 0 | F11: =C11*E11 -> 0
A12: 280 | B12: 3.14 | C12: 0.25 | D12: =B12*A12*C12/1000 -> 0.2198 | E12: =AX12 -> 0 | F12: =C12*E12 -> 0
A13: 300 | B13: 3.14 | C13: 0.25 | D13: =B13*A13*C13/1000 -> 0.2355 | E13: =AX13 -> 0 | F13: =C13*E13 -> 0
... A35: 1300 | B35: 3.14 | C35: 0.25 | D35: =B35*A35*C35/1000 -> 1.0205 | E35: =AX35 -> 0 | F35: =C35*E35 -> 0

Sheet İZOLASYON
B1: İZOLASYON | C1: TAŞ YÜNÜ + MODUL (CM ) | D1: Pİ | E1: mm | F1: 25 MM Metresi $(24 TL) | G1: $ | H1: mm | J1: DIŞ CİDAR | K1: Pİ | L1: Kalınlık | M1: Yogunluk | N1: 430 Metresi (30 TL) | O1: $ | P1: TOPLAM İZOLASYON+ KILIF | R1: İZOLASYON | T1: TAŞ YÜNÜ + MODUL (CM ) | U1: Pİ | V1: mm | W1: 50 MM Metresi $ (29 TL) | X1: $ | Y1: mm | AA1: DIŞ CİDAR | AB1: Pİ | AC1: Kalınlık | AD1: Yogunluk | AE1: 430 Metresi (30 TL) | AF1: $ | AG1: TOPLAM İZOLASYON+ KILIF
A2: 50 | B2: 100 | C2: =B2+$A$2 -> 150 | D2: 3.14 | E2: =C2*D2/1000 -> 0.471 | F2: 2.77 | G2: =E2*F2 -> 1.30467 | H2: 55 | I2: 30 | J2: =I2+C2 -> 180 | K2: 3.14 | L2: 0.4 | M2: 0.8 | N2: 3.43 | O2: =J2*K2*L2*M2*N2/100 -> 6.2036352 | P2: =O2+G2 -> 7.5083052 | R2: 100 | S2: 100 | T2: =R2+S2 -> 200 | U2: 3.14 | V2: =T2*U2/1000 -> 0.628 | W2: 3.32 | X2: =V2*W2 -> 2.08496 | Y2: 10 | Z2: =Y2+R2 -> 110 | AA2: =Y2+T2 -> 210 | AB2: 3.14 | AC2: 0.4 | AD2: 0.8 | AE2: 3.43 | AF2: =AA2*AB2*AC2*AD2*AE2/100 -> 7.2375744 | AG2: =AF2+X2 -> 9.3225344
B3: 130 | C3: =B3+$A$2 -> 180 | D3: 3.14 | E3: =C3*D3/1000 -> 0.5652 | F3: 2.77 | G3: =E3*F3 -> 1.565604 | H3: 55 | I3: 30 | J3: =I3+C3 -> 210 | K3: 3.14 | L3: 0.4 | M3: 0.8 | N3: 3.43 | O3: =J3*K3*L3*M3*N3/100 -> 7.2375744 | P3: =O3+G3 -> 8.8031784 | R3: 130 | S3: 100 | T3: =R3+S3 -> 230 | U3: 3.14 | V3: =T3*U3/1000 -> 0.7222 | W3: 3.32 | X3: =V3*W3 -> 2.397704 | Y3: 10 | Z3: =Y3+R3 -> 140 | AA3: =Y3+T3 -> 240 | AB3: 3.14 | AC3: 0.4 | AD3: 0.8 | AE3: 3.43 | AF3: =AA3*AB3*AC3*AD3*AE3/100 -> 8.2715136 | AG3: =AF3+X3 -> 10.669218
B4: 140 | C4: =B4+$A$2 -> 190 | D4: 3.14 | E4: =C4*D4/1000 -> 0.5966 | F4: 2.77 | G4: =E4*F4 -> 1.652582 | H4: 55 | I4: 30 | J4: =I4+C4 -> 220 | K4: 3.14 | L4: 0.4 | M4: 0.8 | N4: 3.43 | O4: =J4*K4*L4*M4*N4/100 -> 7.5822208 | P4: =O4+G4 -> 9.2348028 | R4: 140 | S4: 100 | T4: =R4+S4 -> 240 | U4: 3.14 | V4: =T4*U4/1000 -> 0.7536 | W4: 3.32 | X4: =V4*W4 -> 2.501952 | Y4: 10 | Z4: =Y4+R4 -> 150 | AA4: =Y4+T4 -> 250 | AB4: 3.14 | AC4: 0.4 | AD4: 0.8 | AE4: 3.43 | AF4: =AA4*AB4*AC4*AD4*AE4/100 -> 8.61616 | AG4: =AF4+X4 -> 11.118112
B5: 150 | C5: =B5+$A$2 -> 200 | D5: 3.14 | E5: =C5*D5/1000 -> 0.628 | F5: 2.77 | G5: =E5*F5 -> 1.73956 | H5: 55 | I5: 30 | J5: =I5+C5 -> 230 | K5: 3.14 | L5: 0.4 | M5: 0.8 | N5: 3.43 | O5: =J5*K5*L5*M5*N5/100 -> 7.9268672 | P5: =O5+G5 -> 9.6664272 | R5: 150 | S5: 100 | T5: =R5+S5 -> 250 | U5: 3.14 | V5: =T5*U5/1000 -> 0.785 | W5: 3.32 | X5: =V5*W5 -> 2.6062 | Y5: 10 | Z5: =Y5+R5 -> 160 | AA5: =Y5+T5 -> 260 | AB5: 3.14 | AC5: 0.4 | AD5: 0.8 | AE5: 3.43 | AF5: =AA5*AB5*AC5*AD5*AE5/100 -> 8.9608064 | AG5: =AF5+X5 -> 11.567006
B6: 180 | C6: =B6+$A$2 -> 230 | D6: 3.14 | E6: =C6*D6/1000 -> 0.7222 | F6: 2.77 | G6: =E6*F6 -> 2.000494 | H6: 55 | I6: 30 | J6: =I6+C6 -> 260 | K6: 3.14 | L6: 0.4 | M6: 0.8 | N6: 3.43 | O6: =J6*K6*L6*M6*N6/100 -> 8.9608064 | P6: =O6+G6 -> 10.9613 | R6: 180 | S6: 100 | T6: =R6+S6 -> 280 | U6: 3.14 | V6: =T6*U6/1000 -> 0.8792 | W6: 3.32 | X6: =V6*W6 -> 2.918944 | Y6: 10 | Z6: =Y6+R6 -> 190 | AA6: =Y6+T6 -> 290 | AB6: 3.14 | AC6: 0.4 | AD6: 0.8 | AE6: 3.43 | AF6: =AA6*AB6*AC6*AD6*AE6/100 -> 9.9947456 | AG6: =AF6+X6 -> 12.91369
B7: 200 | C7: =B7+$A$2 -> 250 | D7: 3.14 | E7: =C7*D7/1000 -> 0.785 | F7: 2.77 | G7: =E7*F7 -> 2.17445 | H7: 55 | I7: 30 | J7: =I7+C7 -> 280 | K7: 3.14 | L7: 0.4 | M7: 0.8 | N7: 3.43 | O7: =J7*K7*L7*M7*N7/100 -> 9.6500992 | P7: =O7+G7 -> 11.824549 | R7: 200 | S7: 100 | T7: =R7+S7 -> 300 | U7: 3.14 | V7: =T7*U7/1000 -> 0.942 | W7: 3.32 | X7: =V7*W7 -> 3.12744 | Y7: 10 | Z7: =Y7+R7 -> 210 | AA7: =Y7+T7 -> 310 | AB7: 3.14 | AC7: 0.4 | AD7: 0.8 | AE7: 3.43 | AF7: =AA7*AB7*AC7*AD7*AE7/100 -> 10.684038 | AG7: =AF7+X7 -> 13.811478
B8: 225 | C8: =B8+$A$2 -> 275 | D8: 3.14 | E8: =C8*D8/1000 -> 0.8635 | F8: 2.77 | G8: =E8*F8 -> 2.391895 | H8: 55 | I8: 30 | J8: =I8+C8 -> 305 | K8: 3.14 | L8: 0.4 | M8: 0.8 | N8: 3.43 | O8: =J8*K8*L8*M8*N8/100 -> 10.511715 | P8: =O8+G8 -> 12.90361 | R8: 225 | S8: 100 | T8: =R8+S8 -> 325 | U8: 3.14 | V8: =T8*U8/1000 -> 1.0205 | W8: 3.32 | X8: =V8*W8 -> 3.38806 | Y8: 10 | Z8: =Y8+R8 -> 235 | AA8: =Y8+T8 -> 335 | AB8: 3.14 | AC8: 0.4 | AD8: 0.8 | AE8: 3.43 | AF8: =AA8*AB8*AC8*AD8*AE8/100 -> 11.545654 | AG8: =AF8+X8 -> 14.933714
B9: 240 | C9: =B9+$A$2 -> 290 | D9: 3.14 | E9: =C9*D9/1000 -> 0.9106 | F9: 2.77 | G9: =E9*F9 -> 2.522362 | H9: 55 | I9: 30 | J9: =I9+C9 -> 320 | K9: 3.14 | L9: 0.4 | M9: 0.8 | N9: 3.43 | O9: =J9*K9*L9*M9*N9/100 -> 11.028685 | P9: =O9+G9 -> 13.551047 | R9: 240 | S9: 100 | T9: =R9+S9 -> 340 | U9: 3.14 | V9: =T9*U9/1000 -> 1.0676 | W9: 3.32 | X9: =V9*W9 -> 3.544432 | Y9: 10 | Z9: =Y9+R9 -> 250 | AA9: =Y9+T9 -> 350 | AB9: 3.14 | AC9: 0.4 | AD9: 0.8 | AE9: 3.43 | AF9: =AA9*AB9*AC9*AD9*AE9/100 -> 12.062624 | AG9: =AF9+X9 -> 15.607056
B10: 250 | C10: =B10+$A$2 -> 300 | D10: 3.14 | E10: =C10*D10/1000 -> 0.942 | F10: 2.77 | G10: =E10*F10 -> 2.60934 | H10: 55 | I10: 30 | J10: =I10+C10 -> 330 | K10: 3.14 | L10: 0.4 | M10: 0.8 | N10: 3.43 | O10: =J10*K10*L10*M10*N10/100 -> 11.373331 | P10: =O10+G10 -> 13.982671 | R10: 250 | S10: 100 | T10: =R10+S10 -> 350 | U10: 3.14 | V10: =T10*U10/1000 -> 1.099 | W10: 3.32 | X10: =V10*W10 -> 3.64868 | Y10: 10 | Z10: =Y10+R10 -> 260 | AA10: =Y10+T10 -> 360 | AB10: 3.14 | AC10: 0.4 | AD10: 0.8 | AE10: 3.43 | AF10: =AA10*AB10*AC10*AD10*AE10/100 -> 12.40727 | AG10: =AF10+X10 -> 16.05595
B11: 260 | C11: =B11+$A$2 -> 310 | D11: 3.14 | E11: =C11*D11/1000 -> 0.9734 | F11: 2.77 | G11: =E11*F11 -> 2.696318 | H11: 55 | I11: 30 | J11: =I11+C11 -> 340 | K11: 3.14 | L11: 0.4 | M11: 0.8 | N11: 3.43 | O11: =J11*K11*L11*M11*N11/100 -> 11.717978 | P11: =O11+G11 -> 14.414296 | R11: 260 | S11: 100 | T11: =R11+S11 -> 360 | U11: 3.14 | V11: =T11*U11/1000 -> 1.1304 | W11: 3.32 | X11: =V11*W11 -> 3.752928 | Y11: 10 | Z11: =Y11+R11 -> 270 | AA11: =Y11+T11 -> 370 | AB11: 3.14 | AC11: 0.4 | AD11: 0.8 | AE11: 3.43 | AF11: =AA11*AB11*AC11*AD11*AE11/100 -> 12.751917 | AG11: =AF11+X11 -> 16.504845
B12: 280 | C12: =B12+$A$2 -> 330 | D12: 3.14 | E12: =C12*D12/1000 -> 1.0362 | F12: 2.77 | G12: =E12*F12 -> 2.870274 | H12: 55 | I12: 30 | J12: =I12+C12 -> 360 | K12: 3.14 | L12: 0.4 | M12: 0.8 | N12: 3.43 | O12: =J12*K12*L12*M12*N12/100 -> 12.40727 | P12: =O12+G12 -> 15.277544 | R12: 280 | S12: 100 | T12: =R12+S12 -> 380 | U12: 3.14 | V12: =T12*U12/1000 -> 1.1932 | W12: 3.32 | X12: =V12*W12 -> 3.961424 | Y12: 10 | Z12: =Y12+R12 -> 290 | AA12: =Y12+T12 -> 390 | AB12: 3.14 | AC12: 0.4 | AD12: 0.8 | AE12: 3.43 | AF12: =AA12*AB12*AC12*AD12*AE12/100 -> 13.44121 | AG12: =AF12+X12 -> 17.402634
B13: 300 | C13: =B13+$A$2 -> 350 | D13: 3.14 | E13: =C13*D13/1000 -> 1.099 | F13: 2.77 | G13: =E13*F13 -> 3.04423 | H13: 55 | I13: 30 | J13: =I13+C13 -> 380 | K13: 3.14 | L13: 0.4 | M13: 0.8 | N13: 3.43 | O13: =J13*K13*L13*M13*N13/100 -> 13.096563 | P13: =O13+G13 -> 16.140793 | R13: 300 | S13: 100 | T13: =R13+S13 -> 400 | U13: 3.14 | V13: =T13*U13/1000 -> 1.256 | W13: 3.32 | X13: =V13*W13 -> 4.16992 | Y13: 10 | Z13: =Y13+R13 -> 310 | AA13: =Y13+T13 -> 410 | AB13: 3.14 | AC13: 0.4 | AD13: 0.8 | AE13: 3.43 | AF13: =AA13*AB13*AC13*AD13*AE13/100 -> 14.130502 | AG13: =AF13+X13 -> 18.300422
B14: 320 | C14: =B14+$A$2 -> 370 | D14: 3.14 | E14: =C14*D14/1000 -> 1.1618 | F14: 2.77 | G14: =E14*F14 -> 3.218186 | H14: 55 | I14: 30 | J14: =I14+C14 -> 400 | K14: 3.14 | L14: 0.4 | M14: 0.8 | N14: 3.43 | O14: =J14*K14*L14*M14*N14/100 -> 13.785856 | P14: =O14+G14 -> 17.004042 | R14: 320 | S14: 100 | T14: =R14+S14 -> 420 | U14: 3.14 | V14: =T14*U14/1000 -> 1.3188 | W14: 3.32 | X14: =V14*W14 -> 4.378416 | Y14: 10 | Z14: =Y14+R14 -> 330 | AA14: =Y14+T14 -> 430 | AB14: 3.14 | AC14: 0.4 | AD14: 0.8 | AE14: 3.43 | AF14: =AA14*AB14*AC14*AD14*AE14/100 -> 14.819795 | AG14: =AF14+X14 -> 19.198211
... B32: 1300 | C32: =B32+$A$2 -> 1350 | D32: 3.14 | E32: =C32*D32/1000 -> 4.239 | F32: 2.77 | G32: =E32*F32 -> 11.74203 | H32: 55 | I32: 30 | J32: =I32+C32 -> 1380 | K32: 3.14 | L32: 0.5 | M32: 0.8 | N32: 3.43 | O32: =J32*K32*L32*M32*N32/100 -> 59.451504 | P32: =O32+G32 -> 71.193534 | R32: 1300 | S32: 100 | T32: =R32+S32 -> 1400 | U32: 3.14 | V32: =T32*U32/1000 -> 4.396 | W32: 3.32 | X32: =V32*W32 -> 14.59472 | Y32: 10 | Z32: =Y32+R32 -> 1310 | AA32: =Y32+T32 -> 1410 | AB32: 3.14 | AC32: 0.4 | AD32: 0.8 | AE32: 3.43 | AF32: =AA32*AB32*AC32*AD32*AE32/100 -> 48.595142 | AG32: =AF32+X32 -> 63.189862

Sheet SIVAMA
A1: SIVAMA
B2: MLZ MALİYETİ | C2: İŞÇİLİK MALİYETİ | D2: TOPLAM MALİYET
A3: 100 | B3: 0.57 | C3: 0.68 | D3: =B3+C3 -> 1.25
A4: 130 | B4: 0.57 | C4: 0.68 | D4: =B4+C4 -> 1.25
A5: 140 | B5: 0.57 | C5: 0.68 | D5: =B5+C5 -> 1.25
A6: 150 | B6: 0.64 | C6: 0.68 | D6: =B6+C6 -> 1.32
A7: 180 | B7: 0.8 | C7: 0.68 | D7: =B7+C7 -> 1.48
A8: 200 | B8: 0.8 | C8: 0.68 | D8: =B8+C8 -> 1.48
A9: 225 | B9: 0.96 | C9: 0.68 | D9: =B9+C9 -> 1.64
A10: 250 | B10: 1 | C10: 0.68 | D10: =B10+C10 -> 1.68
A11: 260 | B11: 1.12 | C11: 0.68 | D11: =B11+C11 -> 1.8
A12: 280 | B12: 1.12 | C12: 0.68 | D12: =B12+C12 -> 1.8
A13: 300 | B13: 1.12 | C13: 0.68 | D13: =B13+C13 -> 1.8
A14: 320 | B14: 1.28 | C14: 0.68 | D14: =B14+C14 -> 1.96
... A34: 1300 | B34: 7 | C34: 0.68 | D34: =B34+C34 -> 7.68

Sheet CONTA
A1: CONTA | B1: ÇAPI | C1: Pİ | D1: BİRİM MALİYETİ | E1: TOPLAM MALİYET $
A2: 100 | B2: 100 | C2: 3.14 | D2: =6/7.3 -> 0.82191781 | E2: =B2*C2*D2/1000 -> 0.25808219
A3: 130 | B3: 130 | C3: 3.14 | D3: =6/7.3 -> 0.82191781 | E3: =B3*C3*D3/1000 -> 0.33550685
A4: 140 | B4: 140 | C4: 3.14 | D4: =6/7.3 -> 0.82191781 | E4: =B4*C4*D4/1000 -> 0.36131507
A5: 150 | B5: 150 | C5: 3.14 | D5: =6/7.3 -> 0.82191781 | E5: =B5*C5*D5/1000 -> 0.38712329
A6: 180 | B6: 180 | C6: 3.14 | D6: =6/7.3 -> 0.82191781 | E6: =B6*C6*D6/1000 -> 0.46454795
A7: 200 | B7: 200 | C7: 3.14 | D7: =6/7.3 -> 0.82191781 | E7: =B7*C7*D7/1000 -> 0.51616438
A8: 225 | B8: 225 | C8: 3.14 | D8: =6/7.3 -> 0.82191781 | E8: =B8*C8*D8/1000 -> 0.58068493
A9: 240 | B9: 240 | C9: 3.14 | D9: =6/7.3 -> 0.82191781 | E9: =B9*C9*D9/1000 -> 0.61939726
A10: 250 | B10: 250 | C10: 3.14 | D10: =6/7.3 -> 0.82191781 | E10: =B10*C10*D10/1000 -> 0.64520548
A11: 260 | B11: 260 | C11: 3.14 | D11: =6/7.3 -> 0.82191781 | E11: =B11*C11*D11/1000 -> 0.6710137
A12: 280 | B12: 280 | C12: 3.14 | D12: =6/7.3 -> 0.82191781 | E12: =B12*C12*D12/1000 -> 0.72263014
A13: 300 | B13: 300 | C13: 3.14 | D13: =6/7.3 -> 0.82191781 | E13: =B13*C13*D13/1000 -> 0.77424658
... A35: 1300 | B35: 1300 | C35: 3.14 | D35: =6/7.3 -> 0.82191781 | E35: =B35*C35*D35/1000 -> 3.3550685

Sheet AĞIRLIK 2
B1: İZOLESİZ
A2: SIRA | B2: BORU ÇAPI | D2: SAC KALINLIĞI
A3: =CONCATENATE(B3,"-",D3) -> Ø 100-0,4 | B3: Ø 100 | C3: =Sayfa2!Q2 -> 1.0048 | D3: 0.4
A4: =CONCATENATE(B4,"-",D4) -> Ø 130-0,4 | B4: Ø 130 | C4: =Sayfa2!Q3 -> 1.30624 | D4: 0.4
A5: =CONCATENATE(B5,"-",D5) -> Ø 140-0,4 | B5: Ø 140 | C5: =Sayfa2!Q4 -> 1.40672 | D5: 0.4
A6: =CONCATENATE(B6,"-",D6) -> Ø 150-0,4 | B6: Ø 150 | C6: =Sayfa2!Q5 -> 1.5072 | D6: 0.4
A7: =CONCATENATE(B7,"-",D7) -> Ø 180-0,4 | B7: Ø 180 | C7: =Sayfa2!Q6 -> 1.80864 | D7: 0.4
A8: =CONCATENATE(B8,"-",D8) -> Ø 200-0,4 | B8: Ø 200 | C8: =Sayfa2!Q7 -> 2.0096 | D8: 0.4
A9: =CONCATENATE(B9,"-",D9) -> Ø 225-0,4 | B9: Ø 225 | C9: =Sayfa2!Q8 -> 2.2608 | D9: 0.4
A10: =CONCATENATE(B10,"-",D10) -> Ø 240-0,4 | B10: Ø 240 | C10: =Sayfa2!Q9 -> 2.41152 | D10: 0.4
A11: =CONCATENATE(B11,"-",D11) -> Ø 250-0,4 | B11: Ø 250 | C11: =Sayfa2!Q10 -> 2.512 | D11: 0.4
A12: =CONCATENATE(B12,"-",D12) -> Ø 260-0,4 | B12: Ø 260 | C12: =Sayfa2!Q11 -> 2.61248 | D12: 0.4
A13: =CONCATENATE(B13,"-",D13) -> Ø 280-0,4 | B13: Ø 280 | C13: =Sayfa2!Q12 -> 2.81344 | D13: 0.4
A14: =CONCATENATE(B14,"-",D14) -> Ø 300-0,4 | B14: Ø 300 | C14: =Sayfa2!Q13 -> 3.0144 | D14: 0.4
... A35: =CONCATENATE(B35,"-",D35) -> Ø 1300-0,4 | B35: Ø 1300 | C35: =Sayfa2!Q34 -> 12.56 | D35: 0.4
A37: =CONCATENATE(B37,"-",D37) -> Ø 100-0,5 | B37: Ø 100 | C37: =Sayfa2!V2 -> 1.256 | D37: 0.5
A38: =CONCATENATE(B38,"-",D38) -> Ø 130-0,5 | B38: Ø 130 | C38: =Sayfa2!V3 -> 1.6328 | D38: 0.5
A39: =CONCATENATE(B39,"-",D39) -> Ø 140-0,5 | B39: Ø 140 | C39: =Sayfa2!V4 -> 1.7584 | D39: 0.5
A40: =CONCATENATE(B40,"-",D40) -> Ø 150-0,5 | B40: Ø 150 | C40: =Sayfa2!V5 -> 1.884 | D40: 0.5
A41: =CONCATENATE(B41,"-",D41) -> Ø 180-0,5 | B41: Ø 180 | C41: =Sayfa2!V6 -> 2.2608 | D41: 0.5
A42: =CONCATENATE(B42,"-",D42) -> Ø 200-0,5 | B42: Ø 200 | C42: =Sayfa2!V7 -> 2.512 | D42: 0.5
A43: =CONCATENATE(B43,"-",D43) -> Ø 225-0,5 | B43: Ø 225 | C43: =Sayfa2!V8 -> 2.6376 | D43: 0.5
A44: =CONCATENATE(B44,"-",D44) -> Ø 240-0,5 | B44: Ø 240 | C44: =Sayfa2!V9 -> 3.0144 | D44: 0.5
A45: =CONCATENATE(B45,"-",D45) -> Ø 250-0,5 | B45: Ø 250 | C45: =Sayfa2!V10 -> 3.14 | D45: 0.5
A46: =CONCATENATE(B46,"-",D46) -> Ø 260-0,5 | B46: Ø 260 | C46: =Sayfa2!V11 -> 3.2656 | D46: 0.5
A47: =CONCATENATE(B47,"-",D47) -> Ø 280-0,5 | B47: Ø 280 | C47: =Sayfa2!V12 -> 3.5168 | D47: 0.5
A48: =CONCATENATE(B48,"-",D48) -> Ø 300-0,5 | B48: Ø 300 | C48: =Sayfa2!V13 -> 3.768 | D48: 0.5
... A69: =CONCATENATE(B69,"-",D69) -> Ø 1300-0,5 | B69: Ø 1300 | C69: =Sayfa2!V34 -> 15.7 | D69: 0.5
A71: =CONCATENATE(B71,"-",D71) -> Ø 100-0,6 | B71: Ø 100 | C71: =Sayfa2!AA2 -> 1.5072 | D71: 0.6
A72: =CONCATENATE(B72,"-",D72) -> Ø 130-0,6 | B72: Ø 130 | C72: =Sayfa2!AA3 -> 1.95936 | D72: 0.6
A73: =CONCATENATE(B73,"-",D73) -> Ø 140-0,6 | B73: Ø 140 | C73: =Sayfa2!AA4 -> 2.11008 | D73: 0.6
A74: =CONCATENATE(B74,"-",D74) -> Ø 150-0,6 | B74: Ø 150 | C74: =Sayfa2!AA5 -> 2.2608 | D74: 0.6
A75: =CONCATENATE(B75,"-",D75) -> Ø 180-0,6 | B75: Ø 180 | C75: =Sayfa2!AA6 -> 2.71296 | D75: 0.6
A76: =CONCATENATE(B76,"-",D76) -> Ø 200-0,6 | B76: Ø 200 | C76: =Sayfa2!AA7 -> 3.0144 | D76: 0.6
A77: =CONCATENATE(B77,"-",D77) -> Ø 225-0,6 | B77: Ø 225 | C77: =Sayfa2!AA8 -> 3.16512 | D77: 0.6
A78: =CONCATENATE(B78,"-",D78) -> Ø 240-0,6 | B78: Ø 240 | C78: =Sayfa2!AA9 -> 3.61728 | D78: 0.6
A79: =CONCATENATE(B79,"-",D79) -> Ø 250-0,6 | B79: Ø 250 | C79: =Sayfa2!AA10 -> 3.768 | D79: 0.6
A80: =CONCATENATE(B80,"-",D80) -> Ø 260-0,6 | B80: Ø 260 | C80: =Sayfa2!AA11 -> 3.91872 | D80: 0.6
A81: =CONCATENATE(B81,"-",D81) -> Ø 280-0,6 | B81: Ø 280 | C81: =Sayfa2!AA12 -> 4.22016 | D81: 0.6
A82: =CONCATENATE(B82,"-",D82) -> Ø 300-0,6 | B82: Ø 300 | C82: =Sayfa2!AA13 -> 4.5216 | D82: 0.6
... A103: =CONCATENATE(B103,"-",D103) -> Ø 1300-0,6 | B103: Ø 1300 | C103: =Sayfa2!AA34 -> 18.84 | D103: 0.6
A105: =CONCATENATE(B105,"-",D105) -> Ø 100-0,8 | B105: Ø 100 | C105: 2.01 | D105: 0.8
A106: =CONCATENATE(B106,"-",D106) -> Ø 140-0,8 | B106: Ø 140 | C106: 2.813 | D106: 0.8
A107: =CONCATENATE(B107,"-",D107) -> Ø 150-0,8 | B107: Ø 150 | C107: 3.014 | D107: 0.8
A108: =CONCATENATE(B108,"-",D108) -> Ø 180-0,8 | B108: Ø 180 | C108: 3.617 | D108: 0.8
A109: =CONCATENATE(B109,"-",D109) -> Ø 200-0,8 | B109: Ø 200 | C109: 4.019 | D109: 0.8
A110: =CONCATENATE(B110,"-",D110) -> Ø 225-0,8 | B110: Ø 225 | C110: 4.522 | D110: 0.8
A111: =CONCATENATE(B111,"-",D111) -> Ø 240-0,8 | B111: Ø 240 | C111: 4.823 | D111: 0.8
A112: =CONCATENATE(B112,"-",D112) -> Ø 250-0,8 | B112: Ø 250 | C112: 5.024 | D112: 0.8
A113: =CONCATENATE(B113,"-",D113) -> Ø 260-0,8 | B113: Ø 260 | C113: 5.225 | D113: 0.8
A114: =CONCATENATE(B114,"-",D114) -> Ø 280-0,8 | B114: Ø 280 | C114: 5.627 | D114: 0.8
A115: =CONCATENATE(B115,"-",D115) -> Ø 300-0,8 | B115: Ø 300 | C115: 6.029 | D115: 0.8
A116: =CONCATENATE(B116,"-",D116) -> Ø 320-0,8 | B116: Ø 320 | C116: 6.431 | D116: 0.8
... A136: =CONCATENATE(B136,"-",D136) -> Ø 1300-0,8 | B136: Ø 1300 | C136: 26.125 | D136: 0.8

Sheet KURALLAR
A1: SIRA | B1: Kurallar
A2: 1 | B2: T moduleri 1m olarak alındı
A3: 2 | B3: Temizlemeler 50cm olarak alındı.
A4: 3 | B4: Rüzgar Çıkışlı Şapka 1m olarak alındı.
A5: 4 | B5: Dirsekleri acısına göre uzunluk ölcüsü alındı.
A6: 5 | B6: Son kapama capına göre 30cm ölcüsünde hesaplandı.
A7: 6 | B7: Kondens Kabına maşon conta sıvama ilave edildi. 1m olarak alındı
A8: 7 | B8: 15-30-45 acılı dirsekleri 50 cm 60-90 acılı dirsekleri 100cm olarak alındı.
A9: 8 | B9: Duvar kelepçesi 430 kromdan olacak.7cm lik hesaplandı
A10: 9
A11: 10
A12: 11
A13: 12
A14: 13
A15: 14

Sheet LİSTE
B1: MALZEME KODU | C1: MALZEME AÇIKLAMASI | D1: UZUNLUK (M) | E1: SAC KALINLIĞI | F1: BİRİM KİLO | G1: BİRİM | H1: SAC FİYATI | I1: İZOLE FİYATI | J1: 430 KILIF FİYATI | K1: TUTACAK | L1: MAŞON FİYATI | M1: KELEPÇE MALİYETİ | N1: CONTA | O1: SIVAMA | P1: DUVAR KELEPÇESİ izoleli | Q1: DUVAR KELEPÇESİ izolesiz | R1: BİRİM MALİYET | S1: FİNASMAN GİDERİ | V1: TOPLAM MALİYET $ | W1: 1.09 | X1: Şirket karı | Z1: SATIŞ İSKONTOSU | AA1: GENEL TOPLAM
A2: ø 100 | B2: CRN 100 001 | C2: Ø100Standart Düz Modül 1000mm | D2: 1 | E2: 0.4 | F2: =VLOOKUP(CONCATENATE(A2,"-",E2),AĞIRLIK!$A$3:$C$171,3,FALSE) -> 1.0048 | G2: AD | H2: =Sayfa2!$C$2 -> 6.5 | R2: =F2*H2*D2+I2+J2+K2+L2+M2+N2+O2+P2+Q2 -> 6.5312 | S2: 0.1 | T2: 0.3 | U2: 0.1 | V2: 6.786 | W2: =V2*$W$1 -> 7.39674 | X2: 1.377 | Y2: =W2*(1+X2) -> 17.582051 | Z2: 0.5 | AA2: =Y2*(1-Z2) -> 8.7910255
A3: ø 100 | B3: CRN 100 002 | C3: Ø100Standart 25mm İzoleli Modül 1000mm | D3: 1 | E3: 0.4 | F3: =VLOOKUP(CONCATENATE(A3,"-",E3),AĞIRLIK!$A$3:$C$171,3,FALSE) -> 1.0048 | G3: AD | H3: =Sayfa2!$C$2 -> 6.5 | I3: =İZOLASYON!G2*D3 -> 1.30467 | J3: =D3*İZOLASYON!$O$2 -> 6.2036352 | R3: =F3*H3*D3+I3+J3+K3+L3+M3+N3+O3+P3+Q3 -> 14.039505 | S3: 0.1 | T3: 0.3 | U3: 0.1 | V3: 15.73 | W3: =V3*$W$1 -> 17.1457 | X3: 1.377 | Y3: =W3*(1+X3) -> 40.755329 | Z3: 0.5 | AA3: =Y3*(1-Z3) -> 20.377664
A4: ø 100 | B4: CRN 100 003 | C4: Ø100Standart 50mm İzoleli Modül 1000mm | D4: 1 | E4: 0.4 | F4: =VLOOKUP(CONCATENATE(A4,"-",E4),AĞIRLIK!$A$3:$C$171,3,FALSE) -> 1.0048 | G4: AD | H4: =Sayfa2!$C$2 -> 6.5 | I4: ='genel hesap'!$K$71*D4 -> 2.08496 | J4: =D4*'genel hesap'!R71 -> 7.2375744 | R4: =F4*H4*D4+I4+J4+K4+L4+M4+N4+O4+P4+Q4 -> 15.853734 | S4: 0.1 | T4: 0.3 | U4: 0.1 | V4: 17.03 | W4: =V4*$W$1 -> 18.5627 | X4: 1.377 | Y4: =W4*(1+X4) -> 44.123538 | Z4: 0.5 | AA4: =Y4*(1-Z4) -> 22.061769
A5: ø 100 | B5: CRN 100 004 | C5: Ø100Standart Düz Modül 500mm | D5: 0.5 | E5: 0.4 | F5: =VLOOKUP(CONCATENATE(A5,"-",E5),AĞIRLIK!$A$3:$C$171,3,FALSE) -> 1.0048 | G5: AD | H5: =Sayfa2!$C$2 -> 6.5 | R5: =F5*H5*D5+I5+J5+K5+L5+M5+N5+O5+P5+Q5 -> 3.2656 | S5: 0.2 | T5: 0.3 | U5: 0.1 | V5: =V2/2 -> 3.393 | W5: =V5*$W$1 -> 3.69837 | X5: 1.377 | Y5: =W5*(1+X5) -> 8.7910255 | Z5: 0.5 | AA5: =Y5*(1-Z5) -> 4.3955127
A6: ø 100 | B6: CRN 100 005 | C6: Ø100Standart 25mm İzoleli Modül 500mm | D6: 0.5 | E6: 0.4 | F6: =VLOOKUP(CONCATENATE(A6,"-",E6),AĞIRLIK!$A$3:$C$171,3,FALSE) -> 1.0048 | G6: AD | H6: =Sayfa2!$C$2 -> 6.5 | I6: ='genel hesap'!$K$39*D6 -> 0.652335 | J6: =D6*İZOLASYON!$O$2 -> 3.1018176 | R6: =F6*H6*D6+I6+J6+K6+L6+M6+N6+O6+P6+Q6 -> 7.0197526 | S6: 0.2 | T6: 0.3 | U6: 0.1 | V6: =V3/2 -> 7.865 | W6: =V6*$W$1 -> 8.57285 | X6: 1.377 | Y6: =W6*(1+X6) -> 20.377664 | Z6: 0.5 | AA6: =Y6*(1-Z6) -> 10.188832
A7: ø 100 | B7: CRN 100 006 | C7: Ø100Standart 50mm İzoleli Modül 500mm | D7: 0.5 | E7: 0.4 | F7: =VLOOKUP(CONCATENATE(A7,"-",E7),AĞIRLIK!$A$3:$C$171,3,FALSE) -> 1.0048 | G7: AD | H7: =Sayfa2!$C$2 -> 6.5 | I7: =D7*'genel hesap'!$K$71 -> 1.04248 | J7: =D7*'genel hesap'!R71 -> 3.6187872 | R7: =F7*H7*D7+I7+J7+K7+L7+M7+N7+O7+P7+Q7 -> 7.9268672 | S7: 0.2 | T7: 0.3 | U7: 0.1 | V7: =V4/2 -> 8.515 | W7: =V7*$W$1 -> 9.28135 | X7: 1.377 | Y7: =W7*(1+X7) -> 22.061769 | Z7: 0.5 | AA7: =Y7*(1-Z7) -> 11.030884
A8: ø 100 | B8: CRN 100 007 | C8: Ø100Standart Düz Modül 250 mm | D8: 0.25 | E8: 0.4 | F8: =VLOOKUP(CONCATENATE(A8,"-",E8),AĞIRLIK!$A$3:$C$171,3,FALSE) -> 1.0048 | G8: AD | H8: =Sayfa2!$C$2 -> 6.5 | R8: =F8*H8*D8+I8+J8+K8+L8+M8+N8+O8+P8+Q8 -> 1.6328 | S8: 0.2 | T8: 0.3 | U8: 0.1 | V8: =V2/4 -> 1.6965 | W8: =V8*$W$1 -> 1.849185 | X8: 1.377 | Y8: =W8*(1+X8) -> 4.3955127 | Z8: 0.5 | AA8: =Y8*(1-Z8) -> 2.1977564
A9: ø 100 | B9: CRN 100 008 | C9: Ø100Standart 25mm İzoleli Modül 250 mm | D9: 0.25 | E9: 0.4 | F9: =VLOOKUP(CONCATENATE(A9,"-",E9),AĞIRLIK!$A$3:$C$171,3,FALSE) -> 1.0048 | G9: AD | H9: =Sayfa2!$C$2 -> 6.5 | I9: ='genel hesap'!$K$39*D9 -> 0.3261675 | J9: =D9*İZOLASYON!$O$2 -> 1.5509088 | R9: =F9*H9*D9+I9+J9+K9+L9+M9+N9+O9+P9+Q9 -> 3.5098763 | S9: 0.2 | T9: 0.3 | U9: 0.1 | V9: =V3/4 -> 3.9325 | W9: =V9*$W$1 -> 4.286425 | X9: 1.377 | Y9: =W9*(1+X9) -> 10.188832 | Z9: 0.5 | AA9: =Y9*(1-Z9) -> 5.0944161
A10: ø 100 | B10: CRN 100 009 | C10: Ø100Standart 50mm İzoleli Modül 250mm | D10: 0.25 | E10: 0.4 | F10: =VLOOKUP(CONCATENATE(A10,"-",E10),AĞIRLIK!$A$3:$C$171,3,FALSE) -> 1.0048 | G10: AD | H10: =Sayfa2!$C$2 -> 6.5 | I10: =D10*'genel hesap'!$K$71 -> 0.52124 | J10: =D10*'genel hesap'!R71 -> 1.8093936 | R10: =F10*H10*D10+I10+J10+K10+L10+M10+N10+O10+P10+Q10 -> 3.9634336 | S10: 0.2 | T10: 0.3 | U10: 0.1 | V10: =V4/4 -> 4.2575 | W10: =V10*$W$1 -> 4.640675 | X10: 1.377 | Y10: =W10*(1+X10) -> 11.030884 | Z10: 0.5 | AA10: =Y10*(1-Z10) -> 5.5154422
A11: ø 100 | B11: CRN 100 010 | C11: Ø100Ölçüm Düz Modül 500mm | D11: 0.5 | E11: 0.4 | F11: =VLOOKUP(CONCATENATE(A11,"-",E11),AĞIRLIK!$A$3:$C$171,3,FALSE) -> 1.0048 | G11: AD | H11: =Sayfa2!$C$2 -> 6.5 | L11: ='genel hesap'!$C$2 -> 1.39 | R11: =F11*H11*D11+I11+J11+K11+L11+M11+N11+O11+P11+Q11 -> 4.6556 | S11: 0.2 | T11: 0.3 | U11: 0.1 | V11: =V5+L11 -> 4.783 | W11: =V11*$W$1 -> 5.21347 | X11: 1.377 | Y11: =W11*(1+X11) -> 12.392418 | Z11: 0.5 | AA11: =Y11*(1-Z11) -> 6.1962091 | DN11: 56.08
A12: ø 100 | B12: CRN 100 011 | C12: Ø100Ölçüm 25mm İzoleli Modül 500mm | D12: 0.5 | E12: 0.4 | F12: =VLOOKUP(CONCATENATE(A12,"-",E12),AĞIRLIK!$A$3:$C$171,3,FALSE) -> 1.0048 | G12: AD | H12: =Sayfa2!$C$2 -> 6.5 | I12: ='genel hesap'!$K$39*D12 -> 0.652335 | J12: =D12*İZOLASYON!$O$2 -> 3.1018176 | L12: ='genel hesap'!$C$2 -> 1.39 | R12: =F12*H12*D12+I12+J12+K12+L12+M12+N12+O12+P12+Q12 -> 8.4097526 | S12: 0.2 | T12: 0.3 | U12: 0.1 | V12: =V6+L12 -> 9.255 | W12: =V12*$W$1 -> 10.08795 | X12: 1.377 | Y12: =W12*(1+X12) -> 23.979057 | Z12: 0.5 | AA12: =Y12*(1-Z12) -> 11.989529
A13: ø 100 | B13: CRN 100 012 | C13: Ø100Ölçüm 50mm İzoleli Modül 500mm | D13: 0.5 | E13: 0.4 | F13: =VLOOKUP(CONCATENATE(A13,"-",E13),AĞIRLIK!$A$3:$C$171,3,FALSE) -> 1.0048 | G13: AD | H13: =Sayfa2!$C$2 -> 6.5 | I13: ='genel hesap'!$K$71*D13 -> 1.04248 | J13: =D13*'genel hesap'!$R$71 -> 3.6187872 | L13: ='genel hesap'!$C$2 -> 1.39 | R13: =F13*H13*D13+I13+J13+K13+L13+M13+N13+O13+P13+Q13 -> 9.3168672 | S13: 0.2 | T13: 0.3 | U13: 0.1 | V13: =V7+L13 -> 9.905 | W13: =V13*$W$1 -> 10.79645 | X13: 1.377 | Y13: =W13*(1+X13) -> 25.663162 | Z13: 0.5 | AA13: =Y13*(1-Z13) -> 12.831581
A14: ø 100 | B14: CRN 100 013 | C14: Ø100Emisyon Ölçüm Modül | E14: 0.4 | F14: =VLOOKUP(CONCATENATE(A14,"-",E14),AĞIRLIK!$A$3:$C$171,3,FALSE) -> 1.0048 | G14: AD | R14: =R11 -> 4.6556 | S14: =S12 -> 0.2 | T14: =T12 -> 0.3 | U14: =U12 -> 0.1 | V14: =V11 -> 4.783 | W14: =V14*$W$1 -> 5.21347 | X14: 1.377 | Y14: =W14*(1+X14) -> 12.392418 | Z14: 0.5 | AA14: =Y14*(1-Z14) -> 6.1962091
A15: ø 100 | B15: CRN 100 014 | C15: Ø100Dirsek 15ºDüz | D15: 1 | E15: 0.4 | F15: =VLOOKUP(CONCATENATE(A15,"-",E15),AĞIRLIK!$A$3:$C$171,3,FALSE) -> 1.0048 | G15: AD | H15: =Sayfa2!$C$2 -> 6.5 | R15: =F15*H15*D15+I15+J15+K15+L15+M15+N15+O15+P15+Q15 -> 6.5312 | S15: 0.1 | T15: 0.3 | U15: 0.1 | V15: 6.786 | W15: =V15*$W$1 -> 7.39674 | X15: 1.377 | Y15: =W15*(1+X15) -> 17.582051 | Z15: 0.5 | AA15: =Y15*(1-Z15) -> 8.7910255
A16: ø 100 | B16: CRN 100 015 | C16: Ø100Dirsek 15ºİzoleli 25mm | D16: 1 | E16: 0.4 | F16: =VLOOKUP(CONCATENATE(A16,"-",E16),AĞIRLIK!$A$3:$C$171,3,FALSE) -> 1.0048 | G16: AD | H16: =Sayfa2!$C$2 -> 6.5 | I16: ='genel hesap'!$K$39*D16 -> 1.30467 | J16: =D16*İZOLASYON!$O$2 -> 6.2036352 | R16: =F16*H16*D16+I16+J16+K16+L16+M16+N16+O16+P16+Q16 -> 14.039505 | S16: 0.1 | T16: 0.3 | U16: 0.1 | V16: 15.73 | W16: =V16*$W$1 -> 17.1457 | X16: 1.377 | Y16: =W16*(1+X16) -> 40.755329 | Z16: 0.5 | AA16: =Y16*(1-Z16) -> 20.377664
A17: ø 100 | B17: CRN 100 016 | C17: Ø100Dirsek 15ºİzoleli 50mm | D17: 1 | E17: 0.4 | F17: =VLOOKUP(CONCATENATE(A17,"-",E17),AĞIRLIK!$A$3:$C$171,3,FALSE) -> 1.0048 | G17: AD | H17: =Sayfa2!$C$2 -> 6.5 | I17: ='genel hesap'!$K$71*D17 -> 2.08496 | J17: =D17*'genel hesap'!$R$71 -> 7.2375744 | R17: =F17*H17*D17+I17+J17+K17+L17+M17+N17+O17+P17+Q17 -> 15.853734 | S17: 0.1 | T17: 0.3 | U17: 0.1 | V17: 17.03 | W17: =V17*$W$1 -> 18.5627 | X17: 1.377 | Y17: =W17*(1+X17) -> 44.123538 | Z17: 0.5 | AA17: =Y17*(1-Z17) -> 22.061769
A18: ø 100 | B18: CRN 100 017 | C18: Ø100Dirsek 30ºDüz | D18: 1 | E18: 0.4 | F18: =VLOOKUP(CONCATENATE(A18,"-",E18),AĞIRLIK!$A$3:$C$171,3,FALSE) -> 1.0048 | G18: AD | H18: =Sayfa2!$C$2 -> 6.5 | R18: =F18*H18*D18+I18+J18+K18+L18+M18+N18+O18+P18+Q18 -> 6.5312 | S18: 0.1 | T18: 0.3 | U18: 0.1 | V18: 6.786 | W18: =V18*$W$1 -> 7.39674 | X18: 1.377 | Y18: =W18*(1+X18) -> 17.582051 | Z18: 0.5 | AA18: =Y18*(1-Z18) -> 8.7910255
A19: ø 100 | B19: CRN 100 018 | C19: Ø100Dirsek 30ºİzoleli 25mm | D19: 1 | E19: 0.4 | F19: =VLOOKUP(CONCATENATE(A19,"-",E19),AĞIRLIK!$A$3:$C$171,3,FALSE) -> 1.0048 | G19: AD | H19: =Sayfa2!$C$2 -> 6.5 | I19: ='genel hesap'!$K$39*D19 -> 1.30467 | J19: =D19*İZOLASYON!$O$2 -> 6.2036352 | R19: =F19*H19*D19+I19+J19+K19+L19+M19+N19+O19+P19+Q19 -> 14.039505 | S19: 0.1 | T19: 0.3 | U19: 0.1 | V19: 15.73 | W19: =V19*$W$1 -> 17.1457 | X19: 1.377 | Y19: =W19*(1+X19) -> 40.755329 | Z19: 0.5 | AA19: =Y19*(1-Z19) -> 20.377664
A20: ø 100 | B20: CRN 100 019 | C20: Ø100Dirsek 30ºİzoleli 50mm | D20: 1 | E20: 0.4 | F20: =VLOOKUP(CONCATENATE(A20,"-",E20),AĞIRLIK!$A$3:$C$171,3,FALSE) -> 1.0048 | G20: AD | H20: =Sayfa2!$C$2 -> 6.5 | I20: ='genel hesap'!$K$71*D20 -> 2.08496 | J20: =D20*'genel hesap'!$R$71 -> 7.2375744 | R20: =F20*H20*D20+I20+J20+K20+L20+M20+N20+O20+P20+Q20 -> 15.853734 | S20: 0.1 | T20: 0.3 | U20: 0.1 | V20: 17.03 | W20: =V20*$W$1 -> 18.5627 | X20: 1.377 | Y20: =W20*(1+X20) -> 44.123538 | Z20: 0.5 | AA20: =Y20*(1-Z20) -> 22.061769
A21: ø 100 | B21: CRN 100 020 | C21: Ø100Dirsek 45o Düz | D21: 1 | E21: 0.4 | F21: =VLOOKUP(CONCATENATE(A21,"-",E21),AĞIRLIK!$A$3:$C$171,3,FALSE) -> 1.0048 | G21: AD | H21: =Sayfa2!$C$2 -> 6.5 | R21: =F21*H21*D21+I21+J21+K21+L21+M21+N21+O21+P21+Q21 -> 6.5312 | S21: 0.1 | T21: 0.3 | U21: 0.1 | V21: 6.786 | W21: =V21*$W$1 -> 7.39674 | X21: 1.377 | Y21: =W21*(1+X21) -> 17.582051 | Z21: 0.5 | AA21: =Y21*(1-Z21) -> 8.7910255
A22: ø 100 | B22: CRN 100 021 | C22: Ø100Dirsek 45o İzoleli 25mm | D22: 1 | E22: 0.4 | F22: =VLOOKUP(CONCATENATE(A22,"-",E22),AĞIRLIK!$A$3:$C$171,3,FALSE) -> 1.0048 | G22: AD | H22: =Sayfa2!$C$2 -> 6.5 | I22: ='genel hesap'!$K$39*D22 -> 1.30467 | J22: =D22*İZOLASYON!$O$2 -> 6.2036352 | R22: =F22*H22*D22+I22+J22+K22+L22+M22+N22+O22+P22+Q22 -> 14.039505 | S22: 0.1 | T22: 0.3 | U22: 0.1 | V22: 15.73 | W22: =V22*$W$1 -> 17.1457 | X22: 1.377 | Y22: =W22*(1+X22) -> 40.755329 | Z22: 0.5 | AA22: =Y22*(1-Z22) -> 20.377664
A23: ø 100 | B23: CRN 100 022 | C23: Ø100Dirsek 45o İzoleli 50mm | D23: 1 | E23: 0.4 | F23: =VLOOKUP(CONCATENATE(A23,"-",E23),AĞIRLIK!$A$3:$C$171,3,FALSE) -> 1.0048 | G23: AD | H23: =Sayfa2!$C$2 -> 6.5 | I23: ='genel hesap'!$K$71*D23 -> 2.08496 | J23: =D23*'genel hesap'!$R$71 -> 7.2375744 | R23: =F23*H23*D23+I23+J23+K23+L23+M23+N23+O23+P23+Q23 -> 15.853734 | S23: 0.1 | T23: 0.3 | U23: 0.1 | V23: 17.03 | W23: =V23*$W$1 -> 18.5627 | X23: 1.377 | Y23: =W23*(1+X23) -> 44.123538 | Z23: 0.5 | AA23: =Y23*(1-Z23) -> 22.061769
A24: ø 100 | B24: CRN 100 023 | C24: Ø100Dirsek 60o Düz | D24: 1 | E24: 0.4 | F24: =VLOOKUP(CONCATENATE(A24,"-",E24),AĞIRLIK!$A$3:$C$171,3,FALSE) -> 1.0048 | G24: AD | H24: =Sayfa2!$C$2 -> 6.5 | R24: =F24*H24*D24+I24+J24+K24+L24+M24+N24+O24+P24+Q24 -> 6.5312 | S24: 0.1 | T24: 0.3 | U24: 0.1 | V24: 6.786 | W24: =V24*$W$1 -> 7.39674 | X24: 1.377 | Y24: =W24*(1+X24) -> 17.582051 | Z24: 0.5 | AA24: =Y24*(1-Z24) -> 8.7910255
A25: ø 100 | B25: CRN 100 024 | C25: Ø100Dirsek 60o İzoleli 25mm | D25: 1 | E25: 0.4 | F25: =VLOOKUP(CONCATENATE(A25,"-",E25),AĞIRLIK!$A$3:$C$171,3,FALSE) -> 1.0048 | G25: AD | H25: =Sayfa2!$C$2 -> 6.5 | I25: ='genel hesap'!$K$39*D25 -> 1.30467 | J25: =D25*İZOLASYON!$O$2 -> 6.2036352 | R25: =F25*H25*D25+I25+J25+K25+L25+M25+N25+O25+P25+Q25 -> 14.039505 | S25: 0.1 | T25: 0.3 | U25: 0.1 | V25: 15.73 | W25: =V25*$W$1 -> 17.1457 | X25: 1.377 | Y25: =W25*(1+X25) -> 40.755329 | Z25: 0.5 | AA25: =Y25*(1-Z25) -> 20.377664
A26: ø 100 | B26: CRN 100 025 | C26: Ø100Dirsek 60o İzoleli 50mm | D26: 1 | E26: 0.4 | F26: =VLOOKUP(CONCATENATE(A26,"-",E26),AĞIRLIK!$A$3:$C$171,3,FALSE) -> 1.0048 | G26: AD | H26: =Sayfa2!$C$2 -> 6.5 | I26: ='genel hesap'!$K$71*D26 -> 2.08496 | J26: =D26*'genel hesap'!$R$71 -> 7.2375744 | R26: =F26*H26*D26+I26+J26+K26+L26+M26+N26+O26+P26+Q26 -> 15.853734 | S26: 0.1 | T26: 0.3 | U26: 0.1 | V26: 17.03 | W26: =V26*$W$1 -> 18.5627 | X26: 1.377 | Y26: =W26*(1+X26) -> 44.123538 | Z26: 0.5 | AA26: =Y26*(1-Z26) -> 22.061769
A27: ø 100 | B27: CRN 100 026 | C27: Ø100Dirsek 90o Düz | D27: 1 | E27: 0.4 | F27: =VLOOKUP(CONCATENATE(A27,"-",E27),AĞIRLIK!$A$3:$C$171,3,FALSE) -> 1.0048 | G27: AD | H27: =Sayfa2!$C$2 -> 6.5 | R27: =F27*H27*D27+I27+J27+K27+L27+M27+N27+O27+P27+Q27 -> 6.5312 | S27: 0.1 | T27: 0.3 | U27: 0.1 | V27: 6.786 | W27: =V27*$W$1 -> 7.39674 | X27: 1.377 | Y27: =W27*(1+X27) -> 17.582051 | Z27: 0.5 | AA27: =Y27*(1-Z27) -> 8.7910255
A28: ø 100 | B28: CRN 100 027 | C28: Ø100Dirsek 90o İzoleli 25mm | D28: 1 | E28: 0.4 | F28: =VLOOKUP(CONCATENATE(A28,"-",E28),AĞIRLIK!$A$3:$C$171,3,FALSE) -> 1.0048 | G28: AD | H28: =Sayfa2!$C$2 -> 6.5 | I28: ='genel hesap'!$K$39*D28 -> 1.30467 | J28: =D28*İZOLASYON!$O$2 -> 6.2036352 | R28: =F28*H28*D28+I28+J28+K28+L28+M28+N28+O28+P28+Q28 -> 14.039505 | S28: 0.1 | T28: 0.3 | U28: 0.1 | V28: 15.73 | W28: =V28*$W$1 -> 17.1457 | X28: 1.377 | Y28: =W28*(1+X28) -> 40.755329 | Z28: 0.5 | AA28: =Y28*(1-Z28) -> 20.377664
A29: ø 100 | B29: CRN 100 028 | C29: Ø100Dirsek 90o İzoleli 50mm | D29: 1 | E29: 0.4 | F29: =VLOOKUP(CONCATENATE(A29,"-",E29),AĞIRLIK!$A$3:$C$171,3,FALSE) -> 1.0048 | G29: AD | H29: =Sayfa2!$C$2 -> 6.5 | I29: ='genel hesap'!$K$71*D29 -> 2.08496 | J29: =D29*'genel hesap'!$R$71 -> 7.2375744 | R29: =F29*H29*D29+I29+J29+K29+L29+M29+N29+O29+P29+Q29 -> 15.853734 | S29: 0.1 | T29: 0.3 | U29: 0.1 | V29: 17.03 | W29: =V29*$W$1 -> 18.5627 | X29: 1.377 | Y29: =W29*(1+X29) -> 44.123538 | Z29: 0.5 | AA29: =Y29*(1-Z29) -> 22.061769
A30: ø 100 | B30: CRN 100 029 | C30: Ø100Kaskad TE İzoleli 50mm | D30: 1 | E30: 0.4 | F30: =VLOOKUP(CONCATENATE(A30,"-",E30),AĞIRLIK!$A$3:$C$171,3,FALSE) -> 1.0048 | G30: AD | H30: =Sayfa2!$C$2 -> 6.5 | I30: ='genel hesap'!$K$71*D30 -> 2.08496 | J30: =D30*'genel hesap'!$R$71 -> 7.2375744 | R30: =F30*H30*D30+I30+J30+K30+L30+M30+N30+O30+P30+Q30 -> 15.853734 | S30: 0.2 | T30: 0.3 | U30: 0.1 | V30: =V4 -> 17.03 | W30: =V30*$W$1 -> 18.5627 | X30: 1.377 | Y30: =W30*(1+X30) -> 44.123538 | Z30: 0.5 | AA30: =Y30*(1-Z30) -> 22.061769
A31: ø 100 | B31: CRN 100 030 | C31: Ø100Kaskad TE İzoleli 25mm | D31: 1 | E31: 0.4 | F31: =VLOOKUP(CONCATENATE(A31,"-",E31),AĞIRLIK!$A$3:$C$171,3,FALSE) -> 1.0048 | G31: AD | H31: =Sayfa2!$C$2 -> 6.5 | I31: ='genel hesap'!$K$39*D31 -> 1.30467 | J31: =D31*İZOLASYON!$O$2 -> 6.2036352 | R31: =F31*H31*D31+I31+J31+K31+L31+M31+N31+O31+P31+Q31 -> 14.039505 | S31: 0.2 | T31: 0.3 | U31: 0.1 | V31: =V3 -> 15.73 | W31: =V31*$W$1 -> 17.1457 | X31: 1.377 | Y31: =W31*(1+X31) -> 40.755329 | Z31: 0.5 | AA31: =Y31*(1-Z31) -> 20.377664
A32: ø 100 | B32: CRN 100 031 | C32: Ø100Kaskad TE İzolesiz | D32: 1 | E32: 0.4 | F32: =VLOOKUP(CONCATENATE(A32,"-",E32),AĞIRLIK!$A$3:$C$171,3,FALSE) -> 1.0048 | G32: AD | H32: =Sayfa2!$C$2 -> 6.5 | R32: =F32*H32*D32+I32+J32+K32+L32+M32+N32+O32+P32+Q32 -> 6.5312 | S32: 0.2 | T32: 0.3 | U32: 0.1 | V32: =V2 -> 6.786 | W32: =V32*$W$1 -> 7.39674 | X32: 1.377 | Y32: =W32*(1+X32) -> 17.582051 | Z32: 0.5 | AA32: =Y32*(1-Z32) -> 8.7910255
A33: ø 100 | B33: CRN 100 032 | C33: Ø100Rediksiyon İzoleli 50mm | D33: 1 | E33: 0.4 | F33: =VLOOKUP(CONCATENATE(A33,"-",E33),AĞIRLIK!$A$3:$C$171,3,FALSE) -> 1.0048 | G33: AD | H33: =Sayfa2!$C$2 -> 6.5 | I33: ='genel hesap'!$K$71*D33 -> 2.08496 | J33: =D33*'genel hesap'!$R$71 -> 7.2375744 | R33: =F33*H33*D33+I33+J33+K33+L33+M33+N33+O33+P33+Q33 -> 15.853734 | S33: 0.2 | T33: 0.3 | U33: 0.1 | V33: 17.03 | W33: =V33*$W$1 -> 18.5627 | X33: 1.377 | Y33: =W33*(1+X33) -> 44.123538 | Z33: 0.5 | AA33: =Y33*(1-Z33) -> 22.061769
A34: ø 100 | B34: CRN 100 033 | C34: Ø100Rediksiyon İzoleli 25mm | D34: 1 | E34: 0.4 | F34: =VLOOKUP(CONCATENATE(A34,"-",E34),AĞIRLIK!$A$3:$C$171,3,FALSE) -> 1.0048 | G34: AD | H34: =Sayfa2!$C$2 -> 6.5 | I34: ='genel hesap'!$K$39*D34 -> 1.30467 | J34: =D34*İZOLASYON!$O$2 -> 6.2036352 | R34: =F34*H34*D34+I34+J34+K34+L34+M34+N34+O34+P34+Q34 -> 14.039505 | S34: 0.2 | T34: 0.3 | U34: 0.1 | V34: 15.73 | W34: =V34*$W$1 -> 17.1457 | X34: 1.377 | Y34: =W34*(1+X34) -> 40.755329 | Z34: 0.5 | AA34: =Y34*(1-Z34) -> 20.377664
A35: ø 100 | B35: CRN 100 034 | C35: Ø100Rediksiyon İzolesiz | D35: 1 | E35: 0.4 | F35: =VLOOKUP(CONCATENATE(A35,"-",E35),AĞIRLIK!$A$3:$C$171,3,FALSE) -> 1.0048 | G35: AD | H35: =Sayfa2!$C$2 -> 6.5 | R35: =F35*H35*D35+I35+J35+K35+L35+M35+N35+O35+P35+Q35 -> 6.5312 | S35: 0.2 | T35: 0.3 | U35: 0.1 | V35: 6.786 | W35: =V35*$W$1 -> 7.39674 | X35: 1.377 | Y35: =W35*(1+X35) -> 17.582051 | Z35: 0.5 | AA35: =Y35*(1-Z35) -> 8.7910255
A36: ø 100 | B36: CRN 100 035 | C36: Ø100Son kapama | D36: 0.25 | E36: 0.4 | F36: =VLOOKUP(CONCATENATE(A36,"-",E36),AĞIRLIK!$A$3:$C$171,3,FALSE) -> 1.0048 | G36: AD | H36: =Sayfa2!$C$2*Sayfa2!I2 -> 0.51025 | L36: ='genel hesap'!$C$2 -> 1.39 | O36: =SIVAMA!D3 -> 1.25 | R36: =R5 -> 3.2656 | S36: 0.2 | T36: 0.3 | U36: 0.1 | V36: =V8+L36 -> 3.0865 | W36: =V36*$W$1 -> 3.364285 | X36: 1.377 | Y36: =W36*(1+X36) -> 7.9969054 | Z36: 0.5 | AA36: =Y36*(1-Z36) -> 3.9984527
A37: ø 100 | B37: CRN 100 036 | C37: Ø100Son kapama İzoleli 25mm | D37: 0.25 | E37: 0.4 | F37: =VLOOKUP(CONCATENATE(A37,"-",E37),AĞIRLIK!$A$3:$C$171,3,FALSE) -> 1.0048 | G37: AD | H37: =Sayfa2!$C$2*Sayfa2!I2 -> 0.51025 | I37: ='genel hesap'!$K$39*D37 -> 0.3261675 | J37: =D37*İZOLASYON!$O$2 -> 1.5509088 | L37: ='genel hesap'!$C$2 -> 1.39 | O37: =SIVAMA!D3 -> 1.25 | R37: =R6 -> 7.0197526 | S37: 0.2 | T37: 0.3 | U37: 0.1 | V37: =V9+L37 -> 5.3225 | W37: =V37*$W$1 -> 5.801525 | X37: 1.377 | Y37: =W37*(1+X37) -> 13.790225 | Z37: 0.5 | AA37: =Y37*(1-Z37) -> 6.8951125
A38: ø 100 | B38: CRN 100 037 | C38: Ø100Son kapama İzoleli 50mm | D38: 0.25 | E38: 0.4 | F38: =VLOOKUP(CONCATENATE(A38,"-",E38),AĞIRLIK!$A$3:$C$171,3,FALSE) -> 1.0048 | G38: AD | H38: =Sayfa2!$C$2*Sayfa2!I2 -> 0.51025 | I38: ='genel hesap'!$K$71*D38 -> 0.52124 | J38: =D38*'genel hesap'!$R$71 -> 1.8093936 | L38: ='genel hesap'!$C$2 -> 1.39 | O38: =SIVAMA!D4 -> 1.25 | R38: =R7 -> 7.9268672 | S38: 0.2 | T38: 0.3 | U38: 0.1 | V38: =V10+L38 -> 5.6475 | W38: =V38*$W$1 -> 6.155775 | X38: 1.377 | Y38: =W38*(1+X38) -> 14.632277 | Z38: 0.5 | AA38: =Y38*(1-Z38) -> 7.3161386
A39: ø 100 | B39: CRN 100 038 | C39: Ø100T Modül 45 Düz 90 Düz | D39: 1 | E39: 0.5 | F39: =VLOOKUP(CONCATENATE(A39,"-",E39),AĞIRLIK!$A$3:$C$171,3,FALSE) -> 1.256 | G39: AD | H39: =Sayfa2!$C$2 -> 6.5 | R39: =F39*H39*D39+I39+J39+K39+L39+M39+N39+O39+P39+Q39 -> 8.164 | S39: 0.1 | T39: 0.3 | U39: 0.1 | V39: =1.5*V2 -> 10.179 | W39: =V39*$W$1 -> 11.09511 | X39: 1.377 | Y39: =W39*(1+X39) -> 26.373076 | Z39: 0.5 | AA39: =Y39*(1-Z39) -> 13.186538
A40: ø 100 | B40: CRN 100 039 | C40: Ø100T Modül 45 25mm İzoleli 90 | D40: 1 | E40: 0.5 | F40: =VLOOKUP(CONCATENATE(A40,"-",E40),AĞIRLIK!$A$3:$C$171,3,FALSE) -> 1.256 | G40: AD | H40: =Sayfa2!$C$2 -> 6.5 | I40: ='genel hesap'!$K$39*D40 -> 1.30467 | J40: =D40*İZOLASYON!$O$2 -> 6.2036352 | R40: =F40*H40*D40+I40+J40+K40+L40+M40+N40+O40+P40+Q40 -> 15.672305 | S40: 0.1 | T40: 0.3 | U40: 0.1 | V40: =1.5*V3 -> 23.595 | W40: =V40*$W$1 -> 25.71855 | X40: 1.377 | Y40: =W40*(1+X40) -> 61.132993 | Z40: 0.5 | AA40: =Y40*(1-Z40) -> 30.566497
A41: ø 100 | B41: CRN 100 040 | C41: Ø100T Modül 45 50mm İzoleli 90 | D41: 1 | E41: 0.5 | F41: =VLOOKUP(CONCATENATE(A41,"-",E41),AĞIRLIK!$A$3:$C$171,3,FALSE) -> 1.256 | G41: AD | H41: =Sayfa2!$C$2 -> 6.5 | I41: ='genel hesap'!$K$71*D41 -> 2.08496 | J41: =D41*'genel hesap'!$R$71 -> 7.2375744 | R41: =F41*H41*D41+I41+J41+K41+L41+M41+N41+O41+P41+Q41 -> 17.486534 | S41: 0.1 | T41: 0.3 | U41: 0.1 | V41: =1.5*V4 -> 25.545 | W41: =V41*$W$1 -> 27.84405 | X41: 1.377 | Y41: =W41*(1+X41) -> 66.185307 | Z41: 0.5 | AA41: =Y41*(1-Z41) -> 33.092653
A42: ø 100 | B42: CRN 100 041 | C42: Ø100Yağmur Korumalı Şapka | D42: 1 | E42: 0.4 | F42: =VLOOKUP(CONCATENATE(A42,"-",E42),AĞIRLIK!$A$3:$C$171,3,FALSE) -> 1.0048 | G42: AD | H42: =Sayfa2!$C$2 -> 6.5 | R42: =R43 -> 6.5312 | S42: 0.2 | T42: 0.3 | U42: 0.1 | V42: =V32 -> 6.786 | W42: =V42*$W$1 -> 7.39674 | X42: 1.377 | Y42: =W42*(1+X42) -> 17.582051 | Z42: 0.5 | AA42: =Y42*(1-Z42) -> 8.7910255
A43: ø 100 | B43: CRN 100 042 | C43: Ø100Rüzgar Çıkışlı Şapka | D43: 1 | E43: 0.4 | F43: =VLOOKUP(CONCATENATE(A43,"-",E43),AĞIRLIK!$A$3:$C$171,3,FALSE) -> 1.0048 | G43: AD | H43: =Sayfa2!$C$2 -> 6.5 | R43: =F43*H43*D43+I43+J43+K43+L43+M43+N43+O43+P43+Q43 -> 6.5312 | S43: 0.2 | T43: 0.3 | U43: 0.1 | V43: 6.786 | W43: =V43*$W$1 -> 7.39674 | X43: 1.377 | Y43: =W43*(1+X43) -> 17.582051 | Z43: 0.5 | AA43: =Y43*(1-Z43) -> 8.7910255
A44: ø 100 | B44: CRN 100 043 | C44: Ø100Teleskopik Sehpa | D44: 1 | F44: 2.8 | G44: AD | H44: 1.62 | R44: =R46 -> 4.536 | S44: 1.5 | T44: 0 | U44: 0 | V44: 6.786 | W44: =V44*$W$1 -> 7.39674 | X44: 1.377 | Y44: =W44*(1+X44) -> 17.582051 | Z44: 0.5 | AA44: =Y44*(1-Z44) -> 8.7910255
A45: ø 100 | B45: CRN 100 044 | C45: Ø100Duvar Tipi Sehpa | F45: 2.8 | G45: AD | H45: 1.62 | R45: =R46 -> 4.536 | S45: 1 | T45: 0 | U45: 0 | V45: 6.786 | W45: =V45*$W$1 -> 7.39674 | X45: 1.377 | Y45: =W45*(1+X45) -> 17.582051 | Z45: 0.5 | AA45: =Y45*(1-Z45) -> 8.7910255
A46: ø 100 | B46: CRN 100 045 | C46: Ø100Sehpa | D46: 1 | F46: =Sayfa2!CU2 -> 2.8 | G46: AD | H46: 1.62 | R46: =F46*H46*D46+I46+J46+K46+L46+M46+N46+O46+P46+Q46 -> 4.536 | S46: 1 | T46: 0 | U46: 0 | V46: 6.786 | W46: =V46*$W$1 -> 7.39674 | X46: 1.377 | Y46: =W46*(1+X46) -> 17.582051 | Z46: 0.5 | AA46: =Y46*(1-Z46) -> 8.7910255
A47: ø 100 | B47: CRN 100 046 | C47: Ø100Bağlantı Kelepçesi | D47: 1 | F47: 1 | G47: AD | M47: ='BAĞLANTI KELEPÇESİ'!H2 -> 0.53191532 | R47: =F47*H47*D47+I47+J47+K47+L47+M47+N47+O47+P47+Q47 -> 0.53191532 | S47: 1 | T47: 0 | U47: 0 | V47: 1.15 | W47: =V47*$W$1 -> 1.2535 | X47: 1.377 | Y47: =W47*(1+X47) -> 2.9795695 | Z47: 0.5 | AA47: =Y47*(1-Z47) -> 1.4897847
A48: ø 100 | B48: CRN 100 047 | C48: Ø100Askı Duvar Kelepçesi | F48: 1 | G48: AD | R48: =R51 -> 1.1882 | S48: 1 | T48: 0 | U48: 0 | V48: 1.15 | W48: =V48*$W$1 -> 1.2535 | X48: 1.377 | Y48: =W48*(1+X48) -> 2.9795695 | Z48: 0.5 | AA48: =Y48*(1-Z48) -> 1.4897847
A49: ø 100 | B49: CRN 100 048 | C49: Ø100Duvar Kelepçesi izoleli 50mm | F49: 1 | G49: AD | P49: ='DUVAR KELEPÇE'!J2 -> 1.3923 | R49: =F49*H49*D49+I49+J49+K49+L49+M49+N49+O49+P49+Q49 -> 1.3923 | S49: 1 | T49: 0 | U49: 0 | V49: =R49*(1+S49)*(T49+1)*(U49+1) -> 2.7846 | W49: =V49*$W$1 -> 3.035214 | X49: 1.377 | Y49: =W49*(1+X49) -> 7.2147037 | Z49: 0.5 | AA49: =Y49*(1-Z49) -> 3.6073518
A50: ø 100 | B50: CRN 100 049 | C50: Ø100Duvar Kelepçesi izoleli 25mm | F50: 1 | G50: AD | P50: ='DUVAR KELEPÇE'!J2 -> 1.3923 | R50: =F50*H50*D50+I50+J50+K50+L50+M50+N50+O50+P50+Q50 -> 1.3923 | S50: 1 | T50: 0 | U50: 0 | V50: =R50*(1+S50)*(T50+1)*(U50+1) -> 2.7846 | W50: =V50*$W$1 -> 3.035214 | X50: 1.377 | Y50: =W50*(1+X50) -> 7.2147037 | Z50: 0.5 | AA50: =Y50*(1-Z50) -> 3.6073518
A51: ø 100 | B51: CRN 100 050 | C51: Ø100Duvar Kelepçesi izolesiz | F51: 1 | G51: AD | Q51: ='DUVAR KELEPÇE'!G2 -> 1.1882 | R51: =F51*H51*D51+I51+J51+K51+L51+M51+N51+O51+P51+Q51 -> 1.1882 | S51: 1 | T51: 0 | U51: 0 | V51: =R51*(1+S51)*(T51+1)*(U51+1) -> 2.3764 | W51: =V51*$W$1 -> 2.590276 | X51: 1.377 | Y51: =W51*(1+X51) -> 6.1570861 | Z51: 0.5 | AA51: =Y51*(1-Z51) -> 3.078543
A52: ø 100 | B52: CRN 100 051 | C52: Ø100Boru Contası | F52: 1 | G52: AD | N52: ='genel hesap'!Y39 -> 0.25808219 | R52: =F52*H52*D52+I52+J52+K52+L52+M52+N52+O52+P52+Q52 -> 0.25808219 | S52: 1 | T52: 0 | U52: 0 | V52: =R52*(1+S52)*(T52+1)*(U52+1) -> 0.51616438 | W52: =V52*$W$1 -> 0.56261918 | X52: 1.377 | Y52: =W52*(1+X52) -> 1.3373458 | Z52: 0.5 | AA52: =Y52*(1-Z52) -> 0.66867289
A53: ø 100 | B53: CRN 100 052 | C53: Ø100Kapaklı Modül Düz ( TEMİZLEME ) | D53: 0.2 | E53: 0.4 | F53: =VLOOKUP(CONCATENATE(A53,"-",E53),AĞIRLIK!$A$3:$C$171,3,FALSE) -> 1.0048 | G53: AD | H53: =Sayfa2!$C$2 -> 6.5 | K53: ='genel hesap'!$D$2 -> 0.5 | O53: =SIVAMA!D3 -> 1.25 | R53: =K53+O53+R39 -> 9.914 | S53: 0.2 | T53: 0.3 | U53: 0.1 | V53: =R53*(1+S53)*(T53+1)*(U53+1) -> 17.012424 | W53: =V53*$W$1 -> 18.543542 | X53: 1.377 | Y53: =W53*(1+X53) -> 44.078 | Z53: 0.5 | AA53: =Y53*(1-Z53) -> 22.039
A54: ø 100 | B54: CRN 100 053 | C54: Ø100 Kapaklı Modül İzoleli ( TEMİZLEME ) 25mm | D54: 0.2 | E54: 0.4 | F54: =VLOOKUP(CONCATENATE(A54,"-",E54),AĞIRLIK!$A$3:$C$171,3,FALSE) -> 1.0048 | G54: AD | H54: =Sayfa2!$C$2 -> 6.5 | I54: ='genel hesap'!K39*D54 -> 0.260934 | J54: ='genel hesap'!R39*D54 -> 1.240727 | K54: ='genel hesap'!$D$2 -> 0.5 | O54: =SIVAMA!D3 -> 1.25 | R54: =F54*H54*D54+I54+J54+K54+L54+M54+N54+O54+P54+Q54+R40 -> 20.230206 | S54: 0.2 | T54: 0.3 | U54: 0.1 | V54: =R54*(1+S54)*(T54+1)*(U54+1) -> 34.715034 | W54: =V54*$W$1 -> 37.839387 | X54: 1.377 | Y54: =W54*(1+X54) -> 89.944223 | Z54: 0.5 | AA54: =Y54*(1-Z54) -> 44.972111
A55: ø 100 | B55: CRN 100 054 | C55: Ø100Kapaklı Modül İzoleli ( TEMİZLEME ) 50mm | D55: 0.2 | E55: 0.4 | F55: =VLOOKUP(CONCATENATE(A55,"-",E55),AĞIRLIK!$A$3:$C$171,3,FALSE) -> 1.0048 | G55: AD | H55: =Sayfa2!$C$2 -> 6.5 | I55: ='genel hesap'!$K$39*D55 -> 0.260934 | J55: =D55*'genel hesap'!$R$71 -> 1.4475149 | K55: ='genel hesap'!$D$2 -> 0.5 | O55: =SIVAMA!D4 -> 1.25 | R55: =F55*H55*D55+I55+J55+K55+L55+M55+N55+O55+P55+Q55+R41 -> 22.251223 | S55: 0.2 | T55: 0.3 | U55: 0.1 | V55: =R55*(1+S55)*(T55+1)*(U55+1) -> 38.183099 | W55: =V55*$W$1 -> 41.619578 | X55: 1.377 | Y55: =W55*(1+X55) -> 98.929737 | Z55: 0.5 | AA55: =Y55*(1-Z55) -> 49.464869
A56: ø 100 | B56: CRN 100 055 | C56: Ø100Kondens Düz | D56: 1 | E56: 0.4 | F56: =VLOOKUP(CONCATENATE(A56,"-",E56),AĞIRLIK!$A$3:$C$171,3,FALSE) -> 1.0048 | G56: AD | H56: =Sayfa2!$C$2 -> 6.5 | N56: 0.25808219 | R56: =R39*1.5 -> 12.246 | S56: 0.1 | T56: 0.3 | U56: 0.1 | V56: 10.179 | W56: =V56*$W$1 -> 11.09511 | X56: 1.377 | Y56: =W56*(1+X56) -> 26.373076 | Z56: 0.5 | AA56: =Y56*(1-Z56) -> 13.186538
A57: ø 100 | B57: CRN 100 056 | C57: Ø100Kondens İzoleli 25mm | D57: 1 | E57: 0.4 | F57: =VLOOKUP(CONCATENATE(A57,"-",E57),AĞIRLIK!$A$3:$C$171,3,FALSE) -> 1.0048 | G57: AD | H57: =Sayfa2!$C$2 -> 6.5 | I57: 0.961625 | J57: 3.61728 | N57: =CONTA!E2 -> 0.25808219 | R57: =R40*1.5 -> 23.508458 | S57: 0.2 | T57: 0.3 | U57: 0.1 | V57: 23.595 | W57: =V57*$W$1 -> 25.71855 | X57: 1.377 | Y57: =W57*(1+X57) -> 61.132993 | Z57: 0.5 | AA57: =Y57*(1-Z57) -> 30.566497
A58: ø 100 | B58: CRN 100 057 | C58: Ø100Kondens İzoleli 50mm | D58: 1 | E58: 0.4 | F58: =VLOOKUP(CONCATENATE(A58,"-",E58),AĞIRLIK!$A$3:$C$171,3,FALSE) -> 1.0048 | G58: AD | H58: =Sayfa2!$C$2 -> 6.5 | I58: ='genel hesap'!$K$71*D58 -> 2.08496 | J58: =D58*'genel hesap'!$R$71 -> 7.2375744 | N58: 0.25808219 | R58: =R41*1.5 -> 26.229802 | S58: 0.2 | T58: 0.3 | U58: 0.1 | V58: 25.545 | W58: =V58*$W$1 -> 27.84405 | X58: 1.377 | Y58: =W58*(1+X58) -> 66.185307 | Z58: 0.5 | AA58: =Y58*(1-Z58) -> 33.092653
A59: ø 130 | B59: CRN 130 001 | C59: Ø130Standart Düz Modül 1000mm | D59: 1 | E59: 0.4 | F59: =VLOOKUP(CONCATENATE(A59,"-",E59),AĞIRLIK!$A$3:$C$171,3,FALSE) -> 1.30624 | G59: AD | H59: =Sayfa2!$C$2 -> 6.5 | R59: =F59*H59*D59+I59+J59+K59+L59+M59+N59+O59+P59+Q59 -> 8.49056 | S59: 0.1 | T59: 0.3 | U59: 0.1 | V59: 8.827 | W59: =V59*$W$1 -> 9.62143 | X59: 1.377 | Y59: =W59*(1+X59) -> 22.870139 | Z59: 0.5 | AA59: =Y59*(1-Z59) -> 11.43507
A60: ø 130 | B60: CRN 130 002 | C60: Ø130Standart 25mm İzoleli Modül 1000mm | D60: 1 | E60: 0.4 | F60: =VLOOKUP(CONCATENATE(A60,"-",E60),AĞIRLIK!$A$3:$C$171,3,FALSE) -> 1.30624 | G60: AD | H60: =Sayfa2!$C$2 -> 6.5 | I60: =İZOLASYON!G3*D60 -> 1.565604 | J60: =D60*İZOLASYON!$O$3 -> 7.2375744 | R60: =F60*H60*D60+I60+J60+K60+L60+M60+N60+O60+P60+Q60 -> 17.293738 | S60: 0.1 | T60: 0.3 | U60: 0.1 | V60: 19.33 | W60: =V60*$W$1 -> 21.0697 | X60: 1.377 | Y60: =W60*(1+X60) -> 50.082677 | Z60: 0.5 | AA60: =Y60*(1-Z60) -> 25.041338
A61: ø 130 | B61: CRN 130 003 | C61: Ø130Standart 50mm İzoleli Modül 1000mm | D61: 1 | E61: 0.4 | F61: =VLOOKUP(CONCATENATE(A61,"-",E61),AĞIRLIK!$A$3:$C$171,3,FALSE) -> 1.30624 | G61: AD | H61: =Sayfa2!$C$2 -> 6.5 | I61: ='genel hesap'!$K$72*D61 -> 2.397704 | J61: =D61*'genel hesap'!$R$72 -> 8.2715136 | R61: =F61*H61*D61+I61+J61+K61+L61+M61+N61+O61+P61+Q61 -> 19.159778 | S61: 0.1 | T61: 0.3 | U61: 0.1 | V61: 20.65 | W61: =V61*$W$1 -> 22.5085 | X61: 1.377 | Y61: =W61*(1+X61) -> 53.502705 | Z61: 0.5 | AA61: =Y61*(1-Z61) -> 26.751352
A62: ø 130 | B62: CRN 130 004 | C62: Ø130Standart Düz Modül 500mm | D62: 0.5 | E62: 0.4 | F62: =VLOOKUP(CONCATENATE(A62,"-",E62),AĞIRLIK!$A$3:$C$171,3,FALSE) -> 1.30624 | G62: AD | H62: =Sayfa2!$C$2 -> 6.5 | R62: =F62*H62*D62+I62+J62+K62+L62+M62+N62+O62+P62+Q62 -> 4.24528 | S62: 0.2 | T62: 0.3 | U62: 0.1 | V62: =V59*0.5 -> 4.4135 | W62: =V62*$W$1 -> 4.810715 | X62: 1.377 | Y62: =W62*(1+X62) -> 11.43507 | Z62: 0.5 | AA62: =Y62*(1-Z62) -> 5.7175348
A63: ø 130 | B63: CRN 130 005 | C63: Ø130Standart 25mm İzoleli Modül 500mm | D63: 0.5 | E63: 0.4 | F63: =VLOOKUP(CONCATENATE(A63,"-",E63),AĞIRLIK!$A$3:$C$171,3,FALSE) -> 1.30624 | G63: AD | H63: =Sayfa2!$C$2 -> 6.5 | I63: ='genel hesap'!$K$39*D63 -> 0.652335 | J63: =D63*İZOLASYON!$O$3 -> 3.6187872 | R63: =F63*H63*D63+I63+J63+K63+L63+M63+N63+O63+P63+Q63 -> 8.5164022 | S63: 0.2 | T63: 0.3 | U63: 0.1 | V63: =V60*0.5 -> 9.665 | W63: =V63*$W$1 -> 10.53485 | X63: 1.377 | Y63: =W63*(1+X63) -> 25.041338 | Z63: 0.5 | AA63: =Y63*(1-Z63) -> 12.520669
A64: ø 130 | B64: CRN 130 006 | C64: Ø130Standart 50mm İzoleli Modül 500mm | D64: 0.5 | E64: 0.4 | F64: =VLOOKUP(CONCATENATE(A64,"-",E64),AĞIRLIK!$A$3:$C$171,3,FALSE) -> 1.30624 | G64: AD | H64: =Sayfa2!$C$2 -> 6.5 | I64: ='genel hesap'!$K$72*D64 -> 1.198852 | J64: =D64*'genel hesap'!$R$72 -> 4.1357568 | R64: =F64*H64*D64+I64+J64+K64+L64+M64+N64+O64+P64+Q64 -> 9.5798888 | S64: 0.2 | T64: 0.3 | U64: 0.1 | V64: =V61*0.5 -> 10.325 | W64: =V64*$W$1 -> 11.25425 | X64: 1.377 | Y64: =W64*(1+X64) -> 26.751352 | Z64: 0.5 | AA64: =Y64*(1-Z64) -> 13.375676
A65: ø 130 | B65: CRN 130 007 | C65: Ø130Standart Düz Modül 250 mm | D65: 0.25 | E65: 0.4 | F65: =VLOOKUP(CONCATENATE(A65,"-",E65),AĞIRLIK!$A$3:$C$171,3,FALSE) -> 1.30624 | G65: AD | H65: =Sayfa2!$C$2 -> 6.5 | R65: =F65*H65*D65+I65+J65+K65+L65+M65+N65+O65+P65+Q65 -> 2.12264 | S65: 0.2 | T65: 0.3 | U65: 0.1 | V65: =V59*0.25 -> 2.20675 | W65: =V65*$W$1 -> 2.4053575 | X65: 1.377 | Y65: =W65*(1+X65) -> 5.7175348 | Z65: 0.5 | AA65: =Y65*(1-Z65) -> 2.8587674
A66: ø 130 | B66: CRN 130 008 | C66: Ø130Standart 25mm İzoleli Modül 250 mm | D66: 0.25 | E66: 0.4 | F66: =VLOOKUP(CONCATENATE(A66,"-",E66),AĞIRLIK!$A$3:$C$171,3,FALSE) -> 1.30624 | G66: AD | H66: =Sayfa2!$C$2 -> 6.5 | I66: ='genel hesap'!$K$39*D66 -> 0.3261675 | J66: =D66*İZOLASYON!$O$3 -> 1.8093936 | R66: =F66*H66*D66+I66+J66+K66+L66+M66+N66+O66+P66+Q66 -> 4.2582011 | S66: 0.2 | T66: 0.3 | U66: 0.1 | V66: =V60*0.25 -> 4.8325 | W66: =V66*$W$1 -> 5.267425 | X66: 1.377 | Y66: =W66*(1+X66) -> 12.520669 | Z66: 0.5 | AA66: =Y66*(1-Z66) -> 6.2603346
A67: ø 130 | B67: CRN 130 009 | C67: Ø130Standart 50mm İzoleli Modül 250 mm | D67: 0.25 | E67: 0.4 | F67: =VLOOKUP(CONCATENATE(A67,"-",E67),AĞIRLIK!$A$3:$C$171,3,FALSE) -> 1.30624 | G67: AD | H67: =Sayfa2!$C$2 -> 6.5 | I67: ='genel hesap'!$K$72*D67 -> 0.599426 | J67: =D67*'genel hesap'!$R$72 -> 2.0678784 | R67: =F67*H67*D67+I67+J67+K67+L67+M67+N67+O67+P67+Q67 -> 4.7899444 | S67: 0.2 | T67: 0.3 | U67: 0.1 | V67: =V61*0.25 -> 5.1625 | W67: =V67*$W$1 -> 5.627125 | X67: 1.377 | Y67: =W67*(1+X67) -> 13.375676 | Z67: 0.5 | AA67: =Y67*(1-Z67) -> 6.6878381
A68: ø 130 | B68: CRN 130 010 | C68: Ø130Ölçüm Düz Modül 500mm | D68: 0.5 | E68: 0.4 | F68: =VLOOKUP(CONCATENATE(A68,"-",E68),AĞIRLIK!$A$3:$C$171,3,FALSE) -> 1.30624 | G68: AD | H68: =Sayfa2!$C$2 -> 6.5 | L68: 1.39 | R68: =F68*H68*D68+I68+J68+K68+L68+M68+N68+O68+P68+Q68 -> 5.63528 | S68: 0.2 | T68: 0.3 | U68: 0.1 | V68: =V62+L68 -> 5.8035 | W68: =V68*$W$1 -> 6.325815 | X68: 1.377 | Y68: =W68*(1+X68) -> 15.036462 | Z68: 0.5 | AA68: =Y68*(1-Z68) -> 7.5182311
A69: ø 130 | B69: CRN 130 011 | C69: Ø130Ölçüm 25mm İzoleli Modül 500mm | D69: 0.5 | E69: 0.4 | F69: =VLOOKUP(CONCATENATE(A69,"-",E69),AĞIRLIK!$A$3:$C$171,3,FALSE) -> 1.30624 | G69: AD | H69: =Sayfa2!$C$2 -> 6.5 | I69: ='genel hesap'!$K$39*D69 -> 0.652335 | J69: =D69*İZOLASYON!$O$3 -> 3.6187872 | L69: 1.39 | R69: =F69*H69*D69+I69+J69+K69+L69+M69+N69+O69+P69+Q69 -> 9.9064022 | S69: 0.2 | T69: 0.3 | U69: 0.1 | V69: =V63+L69 -> 11.055 | W69: =V69*$W$1 -> 12.04995 | X69: 1.377 | Y69: =W69*(1+X69) -> 28.642731 | Z69: 0.5 | AA69: =Y69*(1-Z69) -> 14.321366
A70: ø 130 | B70: CRN 130 012 | C70: Ø130Ölçüm 50mm İzoleli Modül 500mm | D70: 0.5 | E70: 0.4 | F70: =VLOOKUP(CONCATENATE(A70,"-",E70),AĞIRLIK!$A$3:$C$171,3,FALSE) -> 1.30624 | G70: AD | H70: =Sayfa2!$C$2 -> 6.5 | I70: ='genel hesap'!$K$72*D70 -> 1.198852 | J70: =D70*'genel hesap'!$R$72 -> 4.1357568 | L70: 1.39 | R70: =F70*H70*D70+I70+J70+K70+L70+M70+N70+O70+P70+Q70 -> 10.969889 | S70: 0.2 | T70: 0.3 | U70: 0.1 | V70: =V64+L70 -> 11.715 | W70: =V70*$W$1 -> 12.76935 | X70: 1.377 | Y70: =W70*(1+X70) -> 30.352745 | Z70: 0.5 | AA70: =Y70*(1-Z70) -> 15.176372
A71: ø 130 | B71: CRN 130 013 | C71: Ø130Emisyon Ölçüm Modül | E71: 0.4 | F71: =VLOOKUP(CONCATENATE(A71,"-",E71),AĞIRLIK!$A$3:$C$171,3,FALSE) -> 1.30624 | G71: AD | R71: =R68 -> 5.63528 | S71: =S69 -> 0.2 | T71: =T69 -> 0.3 | U71: =U69 -> 0.1 | V71: =V68 -> 5.8035 | W71: =V71*$W$1 -> 6.325815 | X71: 1.377 | Y71: =W71*(1+X71) -> 15.036462 | Z71: 0.5 | AA71: =Y71*(1-Z71) -> 7.5182311
A72: ø 130 | B72: CRN 130 014 | C72: Ø130Dirsek 15ºDüz | D72: 1 | E72: 0.4 | F72: =VLOOKUP(CONCATENATE(A72,"-",E72),AĞIRLIK!$A$3:$C$171,3,FALSE) -> 1.30624 | G72: AD | H72: =Sayfa2!$C$2 -> 6.5 | R72: =F72*H72*D72+I72+J72+K72+L72+M72+N72+O72+P72+Q72 -> 8.49056 | S72: 0.1 | T72: 0.3 | U72: 0.1 | V72: 8.827 | W72: =V72*$W$1 -> 9.62143 | X72: 1.377 | Y72: =W72*(1+X72) -> 22.870139 | Z72: 0.5 | AA72: =Y72*(1-Z72) -> 11.43507
A73: ø 130 | B73: CRN 130 015 | C73: Ø130Dirsek 15ºİzoleli 25mm | D73: 1 | E73: 0.4 | F73: =VLOOKUP(CONCATENATE(A73,"-",E73),AĞIRLIK!$A$3:$C$171,3,FALSE) -> 1.30624 | G73: AD | H73: =Sayfa2!$C$2 -> 6.5 | I73: ='genel hesap'!$K$39*D73 -> 1.30467 | J73: =D73*İZOLASYON!$O$3 -> 7.2375744 | R73: =F73*H73*D73+I73+J73+K73+L73+M73+N73+O73+P73+Q73 -> 17.032804 | S73: 0.1 | T73: 0.3 | U73: 0.1 | V73: 19.33 | W73: =V73*$W$1 -> 21.0697 | X73: 1.377 | Y73: =W73*(1+X73) -> 50.082677 | Z73: 0.5 | AA73: =Y73*(1-Z73) -> 25.041338
A74: ø 130 | B74: CRN 130 016 | C74: Ø130Dirsek 15ºİzoleli 50mm | D74: 1 | E74: 0.4 | F74: =VLOOKUP(CONCATENATE(A74,"-",E74),AĞIRLIK!$A$3:$C$171,3,FALSE) -> 1.30624 | G74: AD | H74: =Sayfa2!$C$2 -> 6.5 | I74: ='genel hesap'!$K$72*D74 -> 2.397704 | J74: =D74*'genel hesap'!$R$72 -> 8.2715136 | R74: =F74*H74*D74+I74+J74+K74+L74+M74+N74+O74+P74+Q74 -> 19.159778 | S74: 0.1 | T74: 0.3 | U74: 0.1 | V74: 20.65 | W74: =V74*$W$1 -> 22.5085 | X74: 1.377 | Y74: =W74*(1+X74) -> 53.502705 | Z74: 0.5 | AA74: =Y74*(1-Z74) -> 26.751352
A75: ø 130 | B75: CRN 130 017 | C75: Ø130Dirsek 30ºDüz | D75: 1 | E75: 0.4 | F75: =VLOOKUP(CONCATENATE(A75,"-",E75),AĞIRLIK!$A$3:$C$171,3,FALSE) -> 1.30624 | G75: AD | H75: =Sayfa2!$C$2 -> 6.5 | R75: =F75*H75*D75+I75+J75+K75+L75+M75+N75+O75+P75+Q75 -> 8.49056 | S75: 0.1 | T75: 0.3 | U75: 0.1 | V75: 8.827 | W75: =V75*$W$1 -> 9.62143 | X75: 1.377 | Y75: =W75*(1+X75) -> 22.870139 | Z75: 0.5 | AA75: =Y75*(1-Z75) -> 11.43507
A76: ø 130 | B76: CRN 130 018 | C76: Ø130Dirsek 30ºİzoleli 25mm | D76: 1 | E76: 0.4 | F76: =VLOOKUP(CONCATENATE(A76,"-",E76),AĞIRLIK!$A$3:$C$171,3,FALSE) -> 1.30624 | G76: AD | H76: =Sayfa2!$C$2 -> 6.5 | I76: ='genel hesap'!$K$39*D76 -> 1.30467 | J76: =D76*İZOLASYON!$O$3 -> 7.2375744 | R76: =F76*H76*D76+I76+J76+K76+L76+M76+N76+O76+P76+Q76 -> 17.032804 | S76: 0.1 | T76: 0.3 | U76: 0.1 | V76: 19.33 | W76: =V76*$W$1 -> 21.0697 | X76: 1.377 | Y76: =W76*(1+X76) -> 50.082677 | Z76: 0.5 | AA76: =Y76*(1-Z76) -> 25.041338
A77: ø 130 | B77: CRN 130 019 | C77: Ø130Dirsek 30ºİzoleli 50mm | D77: 1 | E77: 0.4 | F77: =VLOOKUP(CONCATENATE(A77,"-",E77),AĞIRLIK!$A$3:$C$171,3,FALSE) -> 1.30624 | G77: AD | H77: =Sayfa2!$C$2 -> 6.5 | I77: ='genel hesap'!$K$72*D77 -> 2.397704 | J77: =D77*'genel hesap'!$R$72 -> 8.2715136 | R77: =F77*H77*D77+I77+J77+K77+L77+M77+N77+O77+P77+Q77 -> 19.159778 | S77: 0.1 | T77: 0.3 | U77: 0.1 | V77: 20.65 | W77: =V77*$W$1 -> 22.5085 | X77: 1.377 | Y77: =W77*(1+X77) -> 53.502705 | Z77: 0.5 | AA77: =Y77*(1-Z77) -> 26.751352
A78: ø 130 | B78: CRN 130 020 | C78: Ø130Dirsek 45o Düz | D78: 1 | E78: 0.4 | F78: =VLOOKUP(CONCATENATE(A78,"-",E78),AĞIRLIK!$A$3:$C$171,3,FALSE) -> 1.30624 | G78: AD | H78: =Sayfa2!$C$2 -> 6.5 | R78: =F78*H78*D78+I78+J78+K78+L78+M78+N78+O78+P78+Q78 -> 8.49056 | S78: 0.1 | T78: 0.3 | U78: 0.1 | V78: 8.827 | W78: =V78*$W$1 -> 9.62143 | X78: 1.377 | Y78: =W78*(1+X78) -> 22.870139 | Z78: 0.5 | AA78: =Y78*(1-Z78) -> 11.43507
A79: ø 130 | B79: CRN 130 021 | C79: Ø130Dirsek 45o İzoleli 25mm | D79: 1 | E79: 0.4 | F79: =VLOOKUP(CONCATENATE(A79,"-",E79),AĞIRLIK!$A$3:$C$171,3,FALSE) -> 1.30624 | G79: AD | H79: =Sayfa2!$C$2 -> 6.5 | I79: ='genel hesap'!$K$39*D79 -> 1.30467 | J79: =D79*İZOLASYON!$O$3 -> 7.2375744 | R79: =F79*H79*D79+I79+J79+K79+L79+M79+N79+O79+P79+Q79 -> 17.032804 | S79: 0.1 | T79: 0.3 | U79: 0.1 | V79: 19.33 | W79: =V79*$W$1 -> 21.0697 | X79: 1.377 | Y79: =W79*(1+X79) -> 50.082677 | Z79: 0.5 | AA79: =Y79*(1-Z79) -> 25.041338
A80: ø 130 | B80: CRN 130 022 | C80: Ø130Dirsek 45o İzoleli 50mm | D80: 1 | E80: 0.4 | F80: =VLOOKUP(CONCATENATE(A80,"-",E80),AĞIRLIK!$A$3:$C$171,3,FALSE) -> 1.30624 | G80: AD | H80: =Sayfa2!$C$2 -> 6.5 | I80: ='genel hesap'!$K$72*D80 -> 2.397704 | J80: =D80*'genel hesap'!$R$72 -> 8.2715136 | R80: =F80*H80*D80+I80+J80+K80+L80+M80+N80+O80+P80+Q80 -> 19.159778 | S80: 0.1 | T80: 0.3 | U80: 0.1 | V80: 20.65 | W80: =V80*$W$1 -> 22.5085 | X80: 1.377 | Y80: =W80*(1+X80) -> 53.502705 | Z80: 0.5 | AA80: =Y80*(1-Z80) -> 26.751352
A81: ø 130 | B81: CRN 130 023 | C81: Ø130Dirsek 60o Düz | D81: 1 | E81: 0.4 | F81: =VLOOKUP(CONCATENATE(A81,"-",E81),AĞIRLIK!$A$3:$C$171,3,FALSE) -> 1.30624 | G81: AD | H81: =Sayfa2!$C$2 -> 6.5 | R81: =F81*H81*D81+I81+J81+K81+L81+M81+N81+O81+P81+Q81 -> 8.49056 | S81: 0.1 | T81: 0.3 | U81: 0.1 | V81: 8.827 | W81: =V81*$W$1 -> 9.62143 | X81: 1.377 | Y81: =W81*(1+X81) -> 22.870139 | Z81: 0.5 | AA81: =Y81*(1-Z81) -> 11.43507
A82: ø 130 | B82: CRN 130 024 | C82: Ø130Dirsek 60o İzoleli 25mm | D82: 1 | E82: 0.4 | F82: =VLOOKUP(CONCATENATE(A82,"-",E82),AĞIRLIK!$A$3:$C$171,3,FALSE) -> 1.30624 | G82: AD | H82: =Sayfa2!$C$2 -> 6.5 | I82: ='genel hesap'!$K$39*D82 -> 1.30467 | J82: =D82*İZOLASYON!$O$3 -> 7.2375744 | R82: =F82*H82*D82+I82+J82+K82+L82+M82+N82+O82+P82+Q82 -> 17.032804 | S82: 0.1 | T82: 0.3 | U82: 0.1 | V82: 19.33 | W82: =V82*$W$1 -> 21.0697 | X82: 1.377 | Y82: =W82*(1+X82) -> 50.082677 | Z82: 0.5 | AA82: =Y82*(1-Z82) -> 25.041338
A83: ø 130 | B83: CRN 130 025 | C83: Ø130Dirsek 60o İzoleli 50mm | D83: 1 | E83: 0.4 | F83: =VLOOKUP(CONCATENATE(A83,"-",E83),AĞIRLIK!$A$3:$C$171,3,FALSE) -> 1.30624 | G83: AD | H83: =Sayfa2!$C$2 -> 6.5 | I83: ='genel hesap'!$K$72*D83 -> 2.397704 | J83: =D83*'genel hesap'!$R$72 -> 8.2715136 | R83: =F83*H83*D83+I83+J83+K83+L83+M83+N83+O83+P83+Q83 -> 19.159778 | S83: 0.1 | T83: 0.3 | U83: 0.1 | V83: 20.65 | W83: =V83*$W$1 -> 22.5085 | X83: 1.377 | Y83: =W83*(1+X83) -> 53.502705 | Z83: 0.5 | AA83: =Y83*(1-Z83) -> 26.751352
A84: ø 130 | B84: CRN 130 026 | C84: Ø130Dirsek 90o Düz | D84: 1 | E84: 0.4 | F84: =VLOOKUP(CONCATENATE(A84,"-",E84),AĞIRLIK!$A$3:$C$171,3,FALSE) -> 1.30624 | G84: AD | H84: =Sayfa2!$C$2 -> 6.5 | R84: =F84*H84*D84+I84+J84+K84+L84+M84+N84+O84+P84+Q84 -> 8.49056 | S84: 0.1 | T84: 0.3 | U84: 0.1 | V84: 8.827 | W84: =V84*$W$1 -> 9.62143 | X84: 1.377 | Y84: =W84*(1+X84) -> 22.870139 | Z84: 0.5 | AA84: =Y84*(1-Z84) -> 11.43507
A85: ø 130 | B85: CRN 130 027 | C85: Ø130Dirsek 90o İzoleli 25mm | D85: 1 | E85: 0.4 | F85: =VLOOKUP(CONCATENATE(A85,"-",E85),AĞIRLIK!$A$3:$C$171,3,FALSE) -> 1.30624 | G85: AD | H85: =Sayfa2!$C$2 -> 6.5 | I85: ='genel hesap'!$K$39*D85 -> 1.30467 | J85: =D85*İZOLASYON!$O$3 -> 7.2375744 | R85: =F85*H85*D85+I85+J85+K85+L85+M85+N85+O85+P85+Q85 -> 17.032804 | S85: 0.1 | T85: 0.3 | U85: 0.1 | V85: 19.33 | W85: =V85*$W$1 -> 21.0697 | X85: 1.377 | Y85: =W85*(1+X85) -> 50.082677 | Z85: 0.5 | AA85: =Y85*(1-Z85) -> 25.041338
A86: ø 130 | B86: CRN 130 028 | C86: Ø130Dirsek 90o İzoleli 50mm | D86: 1 | E86: 0.4 | F86: =VLOOKUP(CONCATENATE(A86,"-",E86),AĞIRLIK!$A$3:$C$171,3,FALSE) -> 1.30624 | G86: AD | H86: =Sayfa2!$C$2 -> 6.5 | I86: ='genel hesap'!$K$72*D86 -> 2.397704 | J86: =D86*'genel hesap'!$R$72 -> 8.2715136 | R86: =F86*H86*D86+I86+J86+K86+L86+M86+N86+O86+P86+Q86 -> 19.159778 | S86: 0.1 | T86: 0.3 | U86: 0.1 | V86: 20.65 | W86: =V86*$W$1 -> 22.5085 | X86: 1.377 | Y86: =W86*(1+X86) -> 53.502705 | Z86: 0.5 | AA86: =Y86*(1-Z86) -> 26.751352
A87: ø 130 | B87: CRN 130 029 | C87: Ø130Kaskad TE İzoleli 50mm | D87: 1 | E87: 0.4 | F87: =VLOOKUP(CONCATENATE(A87,"-",E87),AĞIRLIK!$A$3:$C$171,3,FALSE) -> 1.30624 | G87: AD | H87: =Sayfa2!$C$2 -> 6.5 | I87: ='genel hesap'!$K$72*D87 -> 2.397704 | J87: =D87*'genel hesap'!$R$72 -> 8.2715136 | R87: =F87*H87*D87+I87+J87+K87+L87+M87+N87+O87+P87+Q87 -> 19.159778 | S87: 0.2 | T87: 0.3 | U87: 0.1 | V87: =V86 -> 20.65 | W87: =V87*$W$1 -> 22.5085 | X87: 1.377 | Y87: =W87*(1+X87) -> 53.502705 | Z87: 0.5 | AA87: =Y87*(1-Z87) -> 26.751352
A88: ø 130 | B88: CRN 130 030 | C88: Ø130Kaskad TE İzoleli 25mm | D88: 1 | E88: 0.4 | F88: =VLOOKUP(CONCATENATE(A88,"-",E88),AĞIRLIK!$A$3:$C$171,3,FALSE) -> 1.30624 | G88: AD | H88: =Sayfa2!$C$2 -> 6.5 | I88: ='genel hesap'!$K$39*D88 -> 1.30467 | J88: =D88*İZOLASYON!$O$3 -> 7.2375744 | R88: =F88*H88*D88+I88+J88+K88+L88+M88+N88+O88+P88+Q88 -> 17.032804 | S88: 0.2 | T88: 0.3 | U88: 0.1 | V88: =V85 -> 19.33 | W88: =V88*$W$1 -> 21.0697 | X88: 1.377 | Y88: =W88*(1+X88) -> 50.082677 | Z88: 0.5 | AA88: =Y88*(1-Z88) -> 25.041338
A89: ø 130 | B89: CRN 130 031 | C89: Ø130Kaskad TE İzolesiz | D89: 1 | E89: 0.4 | F89: =VLOOKUP(CONCATENATE(A89,"-",E89),AĞIRLIK!$A$3:$C$171,3,FALSE) -> 1.30624 | G89: AD | H89: =Sayfa2!$C$2 -> 6.5 | R89: =F89*H89*D89+I89+J89+K89+L89+M89+N89+O89+P89+Q89 -> 8.49056 | S89: 0.2 | T89: 0.3 | U89: 0.1 | V89: =V84 -> 8.827 | W89: =V89*$W$1 -> 9.62143 | X89: 1.377 | Y89: =W89*(1+X89) -> 22.870139 | Z89: 0.5 | AA89: =Y89*(1-Z89) -> 11.43507
A90: ø 130 | B90: CRN 130 032 | C90: Ø130Rediksiyon İzoleli 50mm | D90: 1 | E90: 0.4 | F90: =VLOOKUP(CONCATENATE(A90,"-",E90),AĞIRLIK!$A$3:$C$171,3,FALSE) -> 1.30624 | G90: AD | H90: =Sayfa2!$C$2 -> 6.5 | I90: ='genel hesap'!$K$72*D90 -> 2.397704 | J90: =D90*'genel hesap'!$R$72 -> 8.2715136 | R90: =F90*H90*D90+I90+J90+K90+L90+M90+N90+O90+P90+Q90 -> 19.159778 | S90: 0.2 | T90: 0.3 | U90: 0.1 | V90: 20.65 | W90: =V90*$W$1 -> 22.5085 | X90: 1.377 | Y90: =W90*(1+X90) -> 53.502705 | Z90: 0.5 | AA90: =Y90*(1-Z90) -> 26.751352
A91: ø 130 | B91: CRN 130 033 | C91: Ø130Rediksiyon İzoleli 25mm | D91: 1 | E91: 0.4 | F91: =VLOOKUP(CONCATENATE(A91,"-",E91),AĞIRLIK!$A$3:$C$171,3,FALSE) -> 1.30624 | G91: AD | H91: =Sayfa2!$C$2 -> 6.5 | I91: ='genel hesap'!$K$39*D91 -> 1.30467 | J91: =D91*İZOLASYON!$O$3 -> 7.2375744 | R91: =F91*H91*D91+I91+J91+K91+L91+M91+N91+O91+P91+Q91 -> 17.032804 | S91: 0.2 | T91: 0.3 | U91: 0.1 | V91: 19.33 | W91: =V91*$W$1 -> 21.0697 | X91: 1.377 | Y91: =W91*(1+X91) -> 50.082677 | Z91: 0.5 | AA91: =Y91*(1-Z91) -> 25.041338
A92: ø 130 | B92: CRN 130 034 | C92: Ø130Rediksiyon İzolesiz | D92: 1 | E92: 0.4 | F92: =VLOOKUP(CONCATENATE(A92,"-",E92),AĞIRLIK!$A$3:$C$171,3,FALSE) -> 1.30624 | G92: AD | H92: =Sayfa2!$C$2 -> 6.5 | R92: =F92*H92*D92+I92+J92+K92+L92+M92+N92+O92+P92+Q92 -> 8.49056 | S92: 0.2 | T92: 0.3 | U92: 0.1 | V92: 8.827 | W92: =V92*$W$1 -> 9.62143 | X92: 1.377 | Y92: =W92*(1+X92) -> 22.870139 | Z92: 0.5 | AA92: =Y92*(1-Z92) -> 11.43507
A93: ø 130 | B93: CRN 130 035 | C93: Ø130Son kapama | D93: 0.25 | E93: 0.4 | F93: =VLOOKUP(CONCATENATE(A93,"-",E93),AĞIRLIK!$A$3:$C$171,3,FALSE) -> 1.30624 | G93: AD | H93: =Sayfa2!$C$2*Sayfa2!I3 -> 0.663325 | L93: ='genel hesap'!$C$2 -> 1.39 | O93: =SIVAMA!D4 -> 1.25 | R93: =R62 -> 4.24528 | S93: 0.2 | T93: 0.3 | U93: 0.1 | V93: =V65+L93 -> 3.59675 | W93: =V93*$W$1 -> 3.9204575 | X93: 1.377 | Y93: =W93*(1+X93) -> 9.3189275 | Z93: 0.5 | AA93: =Y93*(1-Z93) -> 4.6594637
A94: ø 130 | B94: CRN 130 036 | C94: Ø130Son kapama İzoleli 50mm | D94: 0.25 | E94: 0.4 | F94: =VLOOKUP(CONCATENATE(A94,"-",E94),AĞIRLIK!$A$3:$C$171,3,FALSE) -> 1.30624 | G94: AD | H94: =Sayfa2!$C$2*Sayfa2!I3 -> 0.663325 | I94: ='genel hesap'!$K$72*D94 -> 0.599426 | J94: =D94*'genel hesap'!$R$72 -> 2.0678784 | L94: ='genel hesap'!$C$2 -> 1.39 | O94: =SIVAMA!D4 -> 1.25 | R94: =R64 -> 9.5798888 | S94: 0.2 | T94: 0.3 | U94: 0.1 | V94: =L94+V70 -> 13.105 | W94: =V94*$W$1 -> 14.28445 | X94: 1.377 | Y94: =W94*(1+X94) -> 33.954138 | Z94: 0.5 | AA94: =Y94*(1-Z94) -> 16.977069
A95: ø 130 | B95: CRN 130 037 | C95: Ø130Son kapama İzoleli 25mm | D95: 0.25 | E95: 0.4 | F95: =VLOOKUP(CONCATENATE(A95,"-",E95),AĞIRLIK!$A$3:$C$171,3,FALSE) -> 1.30624 | G95: AD | H95: =Sayfa2!$C$2*Sayfa2!I3 -> 0.663325 | I95: ='genel hesap'!$K$39*D95 -> 0.3261675 | J95: =D95*İZOLASYON!$O$3 -> 1.8093936 | L95: ='genel hesap'!$C$2 -> 1.39 | O95: =SIVAMA!D4 -> 1.25 | R95: =R63 -> 8.5164022 | S95: 0.2 | T95: 0.3 | U95: 0.1 | V95: =L95+V69 -> 12.445 | W95: =V95*$W$1 -> 13.56505 | X95: 1.377 | Y95: =W95*(1+X95) -> 32.244124 | Z95: 0.5 | AA95: =Y95*(1-Z95) -> 16.122062
A96: ø 130 | B96: CRN 130 038 | C96: Ø130T Modül 45 Düz 90 Düz | D96: 1 | E96: 0.5 | F96: =VLOOKUP(CONCATENATE(A96,"-",E96),AĞIRLIK!$A$3:$C$171,3,FALSE) -> 1.6328 | G96: AD | H96: =Sayfa2!$C$2 -> 6.5 | R96: =F96*H96*D96+I96+J96+K96+L96+M96+N96+O96+P96+Q96 -> 10.6132 | S96: 0.1 | T96: 0.3 | U96: 0.1 | V96: =V72*1.5 -> 13.2405 | W96: =V96*$W$1 -> 14.432145 | X96: 1.377 | Y96: =W96*(1+X96) -> 34.305209 | Z96: 0.5 | AA96: =Y96*(1-Z96) -> 17.152604
A97: ø 130 | B97: CRN 130 039 | C97: Ø130T Modül 45 25mm İzoleli 90 | D97: 1 | E97: 0.5 | F97: =VLOOKUP(CONCATENATE(A97,"-",E97),AĞIRLIK!$A$3:$C$171,3,FALSE) -> 1.6328 | G97: AD | H97: =Sayfa2!$C$2 -> 6.5 | I97: ='genel hesap'!$K$39*D97 -> 1.30467 | J97: =D97*İZOLASYON!$O$3 -> 7.2375744 | R97: =F97*H97*D97+I97+J97+K97+L97+M97+N97+O97+P97+Q97 -> 19.155444 | S97: 0.1 | T97: 0.3 | U97: 0.1 | V97: =V73*1.5 -> 28.995 | W97: =V97*$W$1 -> 31.60455 | X97: 1.377 | Y97: =W97*(1+X97) -> 75.124015 | Z97: 0.5 | AA97: =Y97*(1-Z97) -> 37.562008
A98: ø 130 | B98: CRN 130 040 | C98: Ø130T Modül 45 50mm İzoleli 90 | D98: 1 | E98: 0.5 | F98: =VLOOKUP(CONCATENATE(A98,"-",E98),AĞIRLIK!$A$3:$C$171,3,FALSE) -> 1.6328 | G98: AD | H98: =Sayfa2!$C$2 -> 6.5 | I98: ='genel hesap'!$K$72*D98 -> 2.397704 | J98: =D98*'genel hesap'!$R$72 -> 8.2715136 | R98: =F98*H98*D98+I98+J98+K98+L98+M98+N98+O98+P98+Q98 -> 21.282418 | S98: 0.1 | T98: 0.3 | U98: 0.1 | V98: =V74*1.5 -> 30.975 | W98: =V98*$W$1 -> 33.76275 | X98: 1.377 | Y98: =W98*(1+X98) -> 80.254057 | Z98: 0.5 | AA98: =Y98*(1-Z98) -> 40.127028
A99: ø 130 | B99: CRN 130 041 | C99: Ø130Yağmur Korumalı Şapka | D99: 1 | E99: 0.4 | F99: =VLOOKUP(CONCATENATE(A99,"-",E99),AĞIRLIK!$A$3:$C$171,3,FALSE) -> 1.30624 | G99: AD | H99: =Sayfa2!$C$2 -> 6.5 | R99: =F99*H99*D99+I99+J99+K99+L99+M99+N99+O99+P99+Q99 -> 8.49056 | S99: 0.2 | T99: 0.3 | U99: 0.1 | V99: =V89 -> 8.827 | W99: =V99*$W$1 -> 9.62143 | X99: 1.377 | Y99: =W99*(1+X99) -> 22.870139 | Z99: 0.5 | AA99: =Y99*(1-Z99) -> 11.43507
A100: ø 130 | B100: CRN 130 042 | C100: Ø130Rüzgar Çıkışlı Şapka | D100: 1 | E100: 0.4 | F100: =VLOOKUP(CONCATENATE(A100,"-",E100),AĞIRLIK!$A$3:$C$171,3,FALSE) -> 1.30624 | G100: AD | H100: =Sayfa2!$C$2 -> 6.5 | R100: =F100*H100*D100+I100+J100+K100+L100+M100+N100+O100+P100+Q100 -> 8.49056 | S100: 0.2 | T100: 0.3 | U100: 0.1 | V100: 8.827 | W100: =V100*$W$1 -> 9.62143 | X100: 1.377 | Y100: =W100*(1+X100) -> 22.870139 | Z100: 0.5 | AA100: =Y100*(1-Z100) -> 11.43507
...

Sheet SiparişFormu
C1: SİPARİŞ FORMU
F2: Tarih : | G2: =TODAY() -> 46050
B3: SİPARİŞİ VEREN FİRMA | F3: Sipariş No: | G3: 109
B4: Ünvanı: | F4: Firma Sıra No: | G4: F-87
F5: İL/İLÇE | G5: =IF(C4>0,VLOOKUP(C4,' BAYİ'!C:E,3,0),0) -> 0
G6: Mail Adresi
B7: Proje Adı: | D7: Cihaz Marka - Model | G7: =IF(G4>0,VLOOKUP(G4,' BAYİ'!B:L,11,0),0) -> 0
B8: İlgili Kişi | C8: =IF(C4>0,VLOOKUP(C4,' BAYİ'!C:F,4,0),0) -> 0 | D8: Tel: | E8: =IF(C4>0,VLOOKUP(C4,' BAYİ'!C:G,5,0),0) -> 0
B9: MALZEME KODU | C9: MALZEME AÇIKLAMASI | D9: BİRİM | E9: BİRİM FİYAT | F9: ADET | G9: TUTAR
A10: 1 | C10: =DÜŞEYARA(B10;SiparişFiyat!A:B;2;YANLIŞ) | G10: =E10*F10 -> 0
A11: 2 | G11: =E11*F11 -> 0
A12: 3 | G12: =E12*F12 -> 0
A13: 4 | G13: =E13*F13 -> 0
A14: 5 | G14: =E14*F14 -> 0
A15: 6 | G15: =E15*F15 -> 0
A16: 7 | G16: =E16*F16 -> 0
A17: 8 | G17: =E17*F17 -> 0
A18: 9 | G18: =E18*F18 -> 0
A19: 10 | G19: =E19*F19 -> 0
A20: 11 | G20: =E20*F20 -> 0
A21: 12 | G21: =E21*F21 -> 0
A22: 13 | G22: =E22*F22 -> 0
... A34: 25 | G34: =E34*F34 -> 0
A35: 26
F38: Tutar | G38: =SUM(G10:G35) -> 0
F39: İSKONTO % | G39: 0.55
F40: Ara Toplam | G40: =G38*(1-G39) -> 0
B41: HARİCİ İŞLER | F41: TOPLAM | G41: =G40 -> 0
B42: AÇIKLAMA | D42: MİKTAR | E42: BİRİM | F42: BİRİM FİYAT
B43: *Akredite Kuruluş Onayı | F43: =IF('TEKLİF HAZIRLAMA'!C33>0,"Fiyata dahildir","Fiyat haricidir") -> Fiyata dahildir
B44: *Nakliye | F44: =IF('TEKLİF HAZIRLAMA'!A33>0,"Fiyata dahildir","Fiyat haricidir") -> Fiyat haricidir
B45: *Montaj | F45: =IF('TEKLİF HAZIRLAMA'!B33>0,"Fiyata dahildir","Fiyat haricidir") -> Fiyat haricidir
B46: *Alt- Üst Havalandırma | F46: =IF('TEKLİF HAZIRLAMA'!B36>0,"Fiyata dahildir","Fiyat haricidir") -> Fiyat haricidir
F47: Tutar | G47: =SUM(G41:G46) -> 0
F48: KDV (%18) | G48: =G47*0.18 -> 0
F49: GENEL TOPLAM | G49: =G47+G48 -> 0
F50: GÜNCEL DOLAR FİYATI | G50: 20.5
F51: GENEL TOPLAM | G51: =G49*G50 -> 0
B53: KİME | C53: =G7 -> 0
B54: KONU | C54: TEKLİF
B55: CC | C55: mehmet.bas@crnbaca.com.tr
B56: BCC | C56: ali.sumengen@crnbaca.com.tr | E56: =HYPERLINK("mailto:"&C53&C59&"?subject="&C54&"&cc="&C55&"&BCC="&C56&"body="&C57,"MAİL GÖNDER") -> MAİL GÖNDER
B57: AÇIKLAMA | C57: teklif verildi
B59: ÖRNEK | C59: teklif@crnbaca.com.tr
B66: Siparişi Veren | C66: Siparişi Alan Satış Yetkilisi | F66: Onay
B67: Kaşe ve İmza | C67: İsim ve İmza | F67: Satış Müdürü İmza

Sheet SatışFiyat
A1: MALZEME KODU | B1: MALZEME AÇIKLAMASI | C1: BİRİM | D1: FİYAT LİSTE
A2: CRN 100 001 | B2: Ø100Standart Düz Modül 1000mm | C2: AD | D2: 0 | G2: 100
A3: CRN 100 002 | B3: Ø100Standart 25mm İzoleli Modül 1000mm | C3: AD | D3: 0 | G3: 100
A4: CRN 100 003 | B4: Ø100Standart 50mm İzoleli Modül 1000mm | C4: AD | D4: 0 | G4: 100
A5: CRN 100 004 | B5: Ø100Standart Düz Modül 500mm | C5: AD | D5: 0 | G5: 100
A6: CRN 100 005 | B6: Ø100Standart 25mm İzoleli Modül 500mm | C6: AD | D6: 0 | G6: 100
A7: CRN 100 006 | B7: Ø100Standart 50mm İzoleli Modül 500mm | C7: AD | D7: 0 | G7: 100
A8: CRN 100 007 | B8: Ø100Standart Düz Modül 250 mm | C8: AD | D8: 0 | G8: 100 | CX8: 56.08
A9: CRN 100 008 | B9: Ø100Standart 25mm İzoleli Modül 250 mm | C9: AD | D9: 0 | G9: 100
A10: CRN 100 009 | B10: Ø100Standart 50mm İzoleli Modül 250mm | C10: AD | D10: 0 | G10: 100
A11: CRN 100 010 | B11: Ø100Ölçüm Düz Modül | C11: AD | D11: 0 | G11: 100
A12: CRN 100 011 | B12: Ø100Ölçüm 25mm İzoleli Modül | C12: AD | D12: 0 | G12: 100
A13: CRN 100 012 | B13: Ø100Ölçüm 50mm İzoleli Modül | C13: AD | D13: 0 | G13: 100 | K13: =düşeyara -> #NAME?
A14: CRN 100 013 | B14: Ø100Emisyon Ölçüm Modül | C14: AD | D14: 0 | G14: 100
A15: CRN 100 014 | B15: Ø100Dirsek 15ºDüz | C15: AD | D15: 0 | G15: 100
A16: CRN 100 015 | B16: Ø100Dirsek 15ºİzoleli 25mm | C16: AD | D16: 0 | G16: 100
A17: CRN 100 016 | B17: Ø100Dirsek 15ºİzoleli 50mm | C17: AD | D17: 0 | G17: 100
A18: CRN 100 017 | B18: Ø100Dirsek 30ºDüz | C18: AD | D18: 0 | G18: 100
A19: CRN 100 018 | B19: Ø100Dirsek 30ºİzoleli 25mm | C19: AD | D19: 0 | G19: 100
A20: CRN 100 019 | B20: Ø100Dirsek 30ºİzoleli 50mm | C20: AD | D20: 0 | G20: 100
A21: CRN 100 020 | B21: Ø100Dirsek 45o Düz | C21: AD | D21: 0 | G21: 100
A22: CRN 100 021 | B22: Ø100Dirsek 45o İzoleli 25mm | C22: AD | D22: 0 | G22: 100
A23: CRN 100 022 | B23: Ø100Dirsek 45o İzoleli 50mm | C23: AD | D23: 0 | G23: 100
A24: CRN 100 023 | B24: Ø100Dirsek 60o Düz | C24: AD | D24: 0 | G24: 100
A25: CRN 100 024 | B25: Ø100Dirsek 60o İzoleli 25mm | C25: AD | D25: 0 | G25: 100
... A58: CRN 100 057 | B58: Ø100Kondens İzoleli 50mm | C58: AD | D58: 0 | G58: 100
A59: CRN 130 001 | B59: Ø130Standart Düz Modül 1000mm | C59: AD | D59: 0 | G59: 130
A60: CRN 130 002 | B60: Ø130Standart 25mm İzoleli Modül 1000mm | C60: AD | D60: 0 | G60: 130
A61: CRN 130 003 | B61: Ø130Standart 50mm İzoleli Modül 1000mm | C61: AD | D61: 0 | G61: 130
A62: CRN 130 004 | B62: Ø130Standart Düz Modül 500mm | C62: AD | D62: 0 | G62: 130
A63: CRN 130 005 | B63: Ø130Standart 25mm İzoleli Modül 500mm | C63: AD | D63: 0 | G63: 130
A64: CRN 130 006 | B64: Ø130Standart 50mm İzoleli Modül 500mm | C64: AD | D64: 0 | G64: 130
A65: CRN 130 007 | B65: Ø130Standart Düz Modül 250 mm | C65: AD | D65: 0 | G65: 130
A66: CRN 130 008 | B66: Ø130Standart 25mm İzoleli Modül 250 mm | C66: AD | D66: 0 | G66: 130
A67: CRN 130 009 | B67: Ø130Standart 50mm İzoleli Modül 250 mm | C67: AD | D67: 0 | G67: 130
A68: CRN 130 010 | B68: Ø130Ölçüm Düz Modül | C68: AD | D68: 0 | G68: 130
A69: CRN 130 011 | B69: Ø130Ölçüm 25mm İzoleli Modül | C69: AD | D69: 0 | G69: 130
A70: CRN 130 012 | B70: Ø130Ölçüm 50mm İzoleli Modül | C70: AD | D70: 0 | G70: 130
... A115: CRN 130 057 | B115: Ø130Kondens İzoleli 50mm | C115: AD | D115: 0 | G115: 130
A116: CRN 150 001 | B116: Ø150Standart Düz Modül 1000mm | C116: AD | D116: 0 | G116: 150
A117: CRN 150 002 | B117: Ø150Standart 25mm İzoleli Modül 1000mm | C117: AD | D117: 0 | G117: 150
A118: CRN 150 003 | B118: Ø150Standart 50mm İzoleli Modül 1000mm | C118: AD | D118: 0 | G118: 150
A119: CRN 150 004 | B119: Ø150Standart Düz Modül 500mm | C119: AD | D119: 0 | G119: 150
A120: CRN 150 005 | B120: Ø150Standart 25mm İzoleli Modül 500mm | C120: AD | D120: 0 | G120: 150
A121: CRN 150 006 | B121: Ø150Standart 50mm İzoleli Modül 500mm | C121: AD | D121: 0 | G121: 150
A122: CRN 150 007 | B122: Ø150Standart Düz Modül 250 mm | C122: AD | D122: 0 | G122: 150
A123: CRN 150 008 | B123: Ø150Standart 25mm İzoleli Modül 250 mm | C123: AD | D123: 0 | G123: 150
A124: CRN 150 009 | B124: Ø150Standart 50mm İzoleli Modül 250 mm | C124: AD | D124: 0 | G124: 150
A125: CRN 150 010 | B125: Ø150Ölçüm Düz Modül | C125: AD | D125: 0 | G125: 150
A126: CRN 150 011 | B126: Ø150Ölçüm 25mm İzoleli Modül | C126: AD | D126: 0 | G126: 150
A127: CRN 150 012 | B127: Ø150Ölçüm 50mm İzoleli Modül | C127: AD | D127: 0 | G127: 150
... A344: CRN 250 001 | B344: Ø250Standart Düz Modül 1000mm | C344: AD | D344: 0 | G344: 250
A345: CRN 250 002 | B345: Ø250Standart 25mm İzoleli Modül 1000mm | C345: AD | D345: 0 | E345: 6 | G345: 250
A346: CRN 250 003 | B346: Ø250Standart 50mm İzoleli Modül 1000mm | C346: AD | D346: 0 | G346: 250
A347: CRN 250 004 | B347: Ø250Standart Düz Modül 500mm | C347: AD | D347: 0 | G347: 250
A348: CRN 250 005 | B348: Ø250Standart 25mm İzoleli Modül 500mm | C348: AD | D348: 0 | E348: 1 | G348: 250
A349: CRN 250 006 | B349: Ø250Standart 50mm İzoleli Modül 500mm | C349: AD | D349: 0 | G349: 250
A350: CRN 250 007 | B350: Ø250Standart Düz Modül 250 mm | C350: AD | D350: 0 | G350: 250
A351: CRN 250 008 | B351: Ø250Standart 25mm İzoleli Modül 250 mm | C351: AD | D351: 0 | G351: 250
A352: CRN 250 009 | B352: Ø250Standart 50mm İzoleli Modül 250 mm | C352: AD | D352: 0 | G352: 250
A353: CRN 250 010 | B353: Ø250Ölçüm Düz Modül | C353: AD | D353: 0 | G353: 250
A354: CRN 250 011 | B354: Ø250Ölçüm 25mm İzoleli Modül | C354: AD | D354: 0 | F354: 1 | G354: 250
A355: CRN 250 012 | B355: Ø250Ölçüm 50mm İzoleli Modül | C355: AD | D355: 0 | G355: 250
A356: CRN 250 013 | B356: Ø250Emisyon Ölçüm Modül | C356: AD | D356: 0 | G356: 250
A357: CRN 250 014 | B357: Ø250Dirsek 15ºDüz | C357: AD | D357: 0 | G357: 250
A358: CRN 250 015 | B358: Ø250Dirsek 15ºİzoleli 25mm | C358: AD | D358: 0 | G358: 250
A359: CRN 250 016 | B359: Ø250Dirsek 15ºİzoleli 50mm | C359: AD | D359: 0 | G359: 250
A360: CRN 250 017 | B360: Ø250Dirsek 30ºDüz | C360: AD | D360: 0 | G360: 250
A361: CRN 250 018 | B361: Ø250Dirsek 30ºİzoleli 25mm | C361: AD | D361: 0 | G361: 250
A362: CRN 250 019 | B362: Ø250Dirsek 30ºİzoleli 50mm | C362: AD | D362: 0 | G362: 250
A363: CRN 250 020 | B363: Ø250Dirsek 45o Düz | C363: AD | D363: 0 | G363: 250
A364: CRN 250 021 | B364: Ø250Dirsek 45o İzoleli 25mm | C364: AD | D364: 0 | G364: 250
A365: CRN 250 022 | B365: Ø250Dirsek 45o İzoleli 50mm | C365: AD | D365: 0 | G365: 250
A366: CRN 250 023 | B366: Ø250Dirsek 60o Düz | C366: AD | D366: 0 | G366: 250
... A369: CRN 250 026 | B369: Ø250Dirsek 90o Düz | C369: AD | D369: 0 | G369: 250
A370: CRN 250 027 | B370: Ø250Dirsek 90o İzoleli 25mm | C370: AD | D370: 0 | F370: 1 | G370: 250
A371: CRN 250 028 | B371: Ø250Dirsek 90o İzoleli 50mm | C371: AD | D371: 0 | G371: 250
A372: CRN 250 029 | B372: Ø250Kaskad TE İzoleli 50mm | C372: AD | D372: 0 | G372: 250
A373: CRN 250 030 | B373: Ø250Kaskad TE İzoleli 25mm | C373: AD | D373: 0 | G373: 250
A374: CRN 250 031 | B374: Ø250Kaskad TE İzolesiz | C374: AD | D374: 0 | G374: 250
A375: CRN 250 032 | B375: Ø250Rediksiyon İzoleli 50mm | C375: AD | D375: 0 | G375: 250
A376: CRN 250 033 | B376: Ø250Rediksiyon İzoleli 25mm 250*215 | C376: AD | D376: 0 | F376: 1 | G376: 250
A377: CRN 250 034 | B377: Ø250Rediksiyon İzolesiz | C377: AD | D377: 0 | G377: 250
A378: CRN 250 035 | B378: Ø250Son kapama Düz | C378: AD | D378: 0 | G378: 250
A379: CRN 250 036 | B379: Ø250Son kapama İzoleli 50mm | C379: AD | D379: 0 | G379: 250
A380: CRN 250 037 | B380: Ø250Son kapama İzoleli 25mm | C380: AD | D380: 0 | G380: 250
A381: CRN 250 038 | B381: Ø250T Modül 45 Düz 90 Düz | C381: AD | D381: 0 | G381: 250
A382: CRN 250 039 | B382: Ø250T Modül 45 25mm İzoleli 90 | C382: AD | D382: 0 | E382: 1 | G382: 250
A383: CRN 250 040 | B383: Ø250T Modül 45 50mm İzoleli 90 | C383: AD | D383: 0 | G383: 250
A384: CRN 250 041 | B384: Ø250 AÇIK AĞIZ ŞAPKA | C384: AD | D384: 0 | E384: 1 | G384: 250
A385: CRN 250 042 | B385: Ø250Rüzgar Çıkışlı Şapka | C385: AD | D385: 0 | G385: 250
A386: CRN 250 043 | B386: Ø250Telekobik Sehpa | C386: AD | D386: 0 | G386: 250
A387: CRN 250 044 | B387: Ø255Duvar Tipi Sehpa | C387: AD | D387: 0 | G387: 250
A388: CRN 250 045 | B388: Ø250 Sehpa | C388: AD | D388: 0 | G388: 250
A389: CRN 250 046 | B389: Ø250Bağlantı Kelepçesi | C389: AD | D389: 0 | E389: 1 | G389: 250
A390: CRN 250 047 | B390: Ø250Askı Duvar Kelepçesi | C390: AD | D390: 0 | G390: 250
A391: CRN 250 048 | B391: Ø250Duvar Kelepçesi izoleli 50mm | C391: AD | D391: 0 | G391: 250
A392: CRN 250 049 | B392: Ø250Duvar Kelepçesi izoleli 25mm | C392: AD | D392: 0 | G392: 250
A393: CRN 250 050 | B393: Ø250Duvar Kelepçesi izolesiz | C393: AD | D393: 0 | G393: 250
A394: CRN 250 051 | B394: Ø250Boru Contası | C394: AD | D394: 0 | E394: 3 | G394: 250
...

Sheet Sayfa1
A3: Altınkaynak
A5: ANA SAYFA
A6: DÖVİZ
A8: GÜNCEL DÖVİZ KURLARI
A10: Güncel Döviz Kurları
A12: ARŞİV VE RAPORLAR
A14: Tek Tarih Sorgulama
A15: Tarih Aralığı Sorgulama
A16: Döviz Karşılaştırma
A17: Döviz Altın Karşılaştırma
A19: ALTIN
A21: GÜNCEL ALTIN FİYATLARI
... A67: Son Güncelleme:27.6.202323:30
C68: Gişe Alış | D68: Gişe Satış | E68: ₺ ₺
A69: Amerikan Doları | B69: arrow | C69: 258050 | D69: 263500 | E69: =C69/10000 -> 25.805
A71: USD
A73: Avrupa Para Birimi | B73: arrow | C73: 282250 | D73: 288790
A75: EUR
A77: İsviçre Frangı | B77: arrow | C77: 284760 | D77: 294900
A79: CHF
A81: İngiliz Sterlini | B81: arrow | C81: 326130 | D81: 337310
A83: GBP
A85: Japon Yeni | B85: arrow | C85: 0.1751 | D85: 0.1831
A87: JPY
A89: S. Arabistan Riyali | B89: arrow | C89: 67900 | D89: 70270
A91: SAR
A93: Avustralya Doları | B93: arrow | C93: 167640 | D93: 176200
A95: AUD
A97: Kanada Doları | B97: arrow | C97: 193950 | D97: 201140
A99: CAD
A101: Rus Rublesi | B101: arrow | C101: 0.2216 | D101: 0.3260
A103: RUB
A105: Azerbaycan Manatı | B105: arrow | C105: 137690 | D105: 160810
A107: AZN
A109: Çin Yuanı | B109: arrow | C109: 32700 | D109: 37020
A111: CNY
A113: Romanya Leyi | B113: arrow | C113: 51890 | D113: 61970
A115: RON
A117: B.A.E. Dirhemi | B117: arrow | C117: 66060 | D117: 75370
A119: AED
A121: Bulgar Levası | B121: arrow | C121: 138140 | D121: 152460
A123: BGN
A125: Kuweyt Dinarı | B125: arrow | C125: 796530 | D125: 864280
A127: KWD
A129: The Altinkaynak chart.
B130: Loading…
B132: Loading…
A134: Güncel Döviz Kurları
A136: Güncel Döviz Kurları
A138: Arşiv Ve Raporlar
A140: Tek Tarih Sorgulama
A141: Tarih Aralığı Sorgulama
A142: Döviz Karşılaştırma
A143: Döviz Altın Karşılaştırma
A145: Canlı kurlarBAYRAM
A146: kurban
A148: HIZLI LİNKLER
A150: Ana Sayfa
A151: Döviz
... A169: Altınkaynak © 2014

Sheet KELEPÇE
A2: ÇAP | L2: KELEPÇE | M2: tl | N2: CONTA | O2: USD | P2: DUVAR K. | Q2: USD | S2: fitil | T2: KROM D.KELEP | V2: E.FİYAT | X2: kur
A3: 100 | B3: 0.0314 | C3: =A3*B3 -> 3.14 | D3: 0.6 | E3: =C3*D3 -> 1.884 | F3: 0.8 | G3: =E3*F3 -> 1.5072 | H3: 120 | I3: =G3*H3 -> 180.864 | J3: =I3/16 -> 11.304 | K3: 15 | L3: =M3/X3 -> 0.822 | M3: =J3+K3 -> 26.304 | N3: =C3*S3 -> 7.85 | O3: =N3/X3 -> 0.2453125 | P3: =R3*1.2 -> 42 | Q3: =P3/X3 -> 1.3125 | R3: 35 | S3: 2.5 | U3: USD | X3: 32
A4: 130 | B4: 0.0314 | C4: =A4*B4 -> 4.082 | D4: 0.6 | E4: =C4*D4 -> 2.4492 | F4: 0.8 | G4: =E4*F4 -> 1.95936 | H4: 120 | I4: =G4*H4 -> 235.1232 | J4: =I4/16 -> 14.6952 | K4: 15 | L4: =M4/X4 -> 0.927975 | M4: =J4+K4 -> 29.6952 | N4: =C4*S4 -> 10.205 | O4: =N4/X4 -> 0.31890625 | P4: =R4*1.2 -> 66 | Q4: =P4/X4 -> 2.0625 | R4: 55 | S4: 2.5 | X4: 32
A5: 150 | B5: 0.0314 | C5: =A5*B5 -> 4.71 | D5: 0.6 | E5: =C5*D5 -> 2.826 | F5: 0.8 | G5: =E5*F5 -> 2.2608 | H5: 120 | I5: =G5*H5 -> 271.296 | J5: =I5/16 -> 16.956 | K5: 15 | L5: =M5/X5 -> 0.998625 | M5: =J5+K5 -> 31.956 | N5: =C5*S5 -> 11.775 | O5: =N5/X5 -> 0.36796875 | P5: =R5*1.2 -> 86.4 | Q5: =P5/X5 -> 2.7 | R5: 72 | S5: 2.5 | T5: =V5*W5 -> 252 | U5: =T5/X5 -> 7.875 | V5: 210 | W5: 1.2 | X5: 32
A6: 180 | B6: 0.0314 | C6: =A6*B6 -> 5.652 | D6: 0.6 | E6: =C6*D6 -> 3.3912 | F6: 0.8 | G6: =E6*F6 -> 2.71296 | H6: 120 | I6: =G6*H6 -> 325.5552 | J6: =I6/16 -> 20.3472 | K6: 15 | L6: =M6/X6 -> 1.1046 | M6: =J6+K6 -> 35.3472 | N6: =C6*S6 -> 14.13 | O6: =N6/X6 -> 0.4415625 | P6: =R6*1.2 -> 96 | Q6: =P6/X6 -> 3 | R6: 80 | S6: 2.5 | T6: =V6*W6 -> 270 | U6: =T6/X6 -> 8.4375 | V6: 225 | W6: 1.2 | X6: 32
A7: 200 | B7: 0.0314 | C7: =A7*B7 -> 6.28 | D7: 0.6 | E7: =C7*D7 -> 3.768 | F7: 0.8 | G7: =E7*F7 -> 3.0144 | H7: 120 | I7: =G7*H7 -> 361.728 | J7: =I7/16 -> 22.608 | K7: 15 | L7: =M7/X7 -> 1.17525 | M7: =J7+K7 -> 37.608 | N7: =C7*S7 -> 15.7 | O7: =N7/X7 -> 0.490625 | P7: =R7*1.2 -> 108 | Q7: =P7/X7 -> 3.375 | R7: 90 | S7: 2.5 | T7: =V7*W7 -> 288 | U7: =T7/X7 -> 9 | V7: 240 | W7: 1.2 | X7: 32
A8: 225 | B8: 0.0314 | C8: =A8*B8 -> 7.065 | D8: 0.6 | E8: =C8*D8 -> 4.239 | F8: 0.8 | G8: =E8*F8 -> 3.3912 | H8: 120 | I8: =G8*H8 -> 406.944 | J8: =I8/16 -> 25.434 | K8: 15 | L8: =M8/X8 -> 1.2635625 | M8: =J8+K8 -> 40.434 | N8: =C8*S8 -> 17.6625 | O8: =N8/X8 -> 0.55195312 | P8: =R8*1.2 -> 115.2 | Q8: =P8/X8 -> 3.6 | R8: 96 | S8: 2.5 | T8: =V8*W8 -> 306 | U8: =T8/X8 -> 9.5625 | V8: 255 | W8: 1.2 | X8: 32
A9: 250 | B9: 0.0314 | C9: =A9*B9 -> 7.85 | D9: 0.6 | E9: =C9*D9 -> 4.71 | F9: 0.8 | G9: =E9*F9 -> 3.768 | H9: 120 | I9: =G9*H9 -> 452.16 | J9: =I9/16 -> 28.26 | K9: 15 | L9: =M9/X9 -> 1.351875 | M9: =J9+K9 -> 43.26 | N9: =C9*S9 -> 19.625 | O9: =N9/X9 -> 0.61328125 | P9: =R9*1.2 -> 134.4 | Q9: =P9/X9 -> 4.2 | R9: 112 | S9: 2.5 | T9: =V9*W9 -> 324 | U9: =T9/X9 -> 10.125 | V9: 270 | W9: 1.2 | X9: 32
A10: 280 | B10: 0.0314 | C10: =A10*B10 -> 8.792 | D10: 0.6 | E10: =C10*D10 -> 5.2752 | F10: 0.8 | G10: =E10*F10 -> 4.22016 | H10: 120 | I10: =G10*H10 -> 506.4192 | J10: =I10/16 -> 31.6512 | K10: 15 | L10: =M10/X10 -> 1.45785 | M10: =J10+K10 -> 46.6512 | N10: =C10*S10 -> 21.98 | O10: =N10/X10 -> 0.686875 | P10: =R10*1.2 -> 148.8 | Q10: =P10/X10 -> 4.65 | R10: 124 | S10: 2.5 | T10: =V10*W10 -> 348 | U10: =T10/X10 -> 10.875 | V10: 290 | W10: 1.2 | X10: 32
A11: 300 | B11: 0.0314 | C11: =A11*B11 -> 9.42 | D11: 0.6 | E11: =C11*D11 -> 5.652 | F11: 0.8 | G11: =E11*F11 -> 4.5216 | H11: 120 | I11: =G11*H11 -> 542.592 | J11: =I11/16 -> 33.912 | K11: 15 | L11: =M11/X11 -> 1.5285 | M11: =J11+K11 -> 48.912 | N11: =C11*S11 -> 23.55 | O11: =N11/X11 -> 0.7359375 | P11: =R11*1.2 -> 168 | Q11: =P11/X11 -> 5.25 | R11: 140 | S11: 2.5 | T11: =V11*W11 -> 384 | U11: =T11/X11 -> 12 | V11: 320 | W11: 1.2 | X11: 32
A12: 320 | B12: 0.0314 | C12: =A12*B12 -> 10.048 | D12: 0.6 | E12: =C12*D12 -> 6.0288 | F12: 0.8 | G12: =E12*F12 -> 4.82304 | H12: 120 | I12: =G12*H12 -> 578.7648 | J12: =I12/16 -> 36.1728 | K12: 15 | L12: =M12/X12 -> 1.59915 | M12: =J12+K12 -> 51.1728 | N12: =C12*S12 -> 25.12 | O12: =N12/X12 -> 0.785 | P12: =R12*1.2 -> 186 | Q12: =P12/X12 -> 5.8125 | R12: 155 | S12: 2.5 | T12: =V12*W12 -> 420 | U12: =T12/X12 -> 13.125 | V12: 350 | W12: 1.2 | X12: 32
A13: 350 | B13: 0.0314 | C13: =A13*B13 -> 10.99 | D13: 0.6 | E13: =C13*D13 -> 6.594 | F13: 0.8 | G13: =E13*F13 -> 5.2752 | H13: 120 | I13: =G13*H13 -> 633.024 | J13: =I13/16 -> 39.564 | K13: 15 | L13: =M13/X13 -> 1.705125 | M13: =J13+K13 -> 54.564 | N13: =C13*S13 -> 27.475 | O13: =N13/X13 -> 0.85859375 | P13: =R13*1.2 -> 210 | Q13: =P13/X13 -> 6.5625 | R13: 175 | S13: 2.5 | T13: =V13*W13 -> 420 | U13: =T13/X13 -> 13.125 | V13: 350 | W13: 1.2 | X13: 32
A14: 400 | B14: 0.0314 | C14: =A14*B14 -> 12.56 | D14: 0.6 | E14: =C14*D14 -> 7.536 | F14: 0.8 | G14: =E14*F14 -> 6.0288 | H14: 120 | I14: =G14*H14 -> 723.456 | J14: =I14/16 -> 45.216 | K14: 15 | L14: =M14/X14 -> 1.88175 | M14: =J14+K14 -> 60.216 | N14: =C14*S14 -> 31.4 | O14: =N14/X14 -> 0.98125 | P14: =R14*1.2 -> 264 | Q14: =P14/X14 -> 8.25 | R14: 220 | S14: 2.5 | T14: =V14*W14 -> 480 | U14: =T14/X14 -> 15 | V14: 400 | W14: 1.2 | X14: 32
A15: 450 | B15: 0.0314 | C15: =A15*B15 -> 14.13 | D15: 0.6 | E15: =C15*D15 -> 8.478 | F15: 0.8 | G15: =E15*F15 -> 6.7824 | H15: 120 | I15: =G15*H15 -> 813.888 | J15: =I15/16 -> 50.868 | K15: 15 | L15: =M15/X15 -> 2.058375 | M15: =J15+K15 -> 65.868 | N15: =C15*S15 -> 35.325 | O15: =N15/X15 -> 1.1039062 | P15: =R15*1.2 -> 330 | Q15: =P15/X15 -> 10.3125 | R15: 275 | S15: 2.5 | T15: =V15*W15 -> 540 | U15: =T15/X15 -> 16.875 | V15: 450 | W15: 1.2 | X15: 32
A16: 500 | B16: 0.0314 | C16: =A16*B16 -> 15.7 | D16: 0.6 | E16: =C16*D16 -> 9.42 | F16: 0.8 | G16: =E16*F16 -> 7.536 | H16: 120 | I16: =G16*H16 -> 904.32 | J16: =I16/16 -> 56.52 | K16: 15 | L16: =M16/X16 -> 2.235 | M16: =J16+K16 -> 71.52 | N16: =C16*S16 -> 39.25 | O16: =N16/X16 -> 1.2265625 | P16: =R16*1.2 -> 408 | Q16: =P16/X16 -> 12.75 | R16: 340 | S16: 2.5 | T16: =V16*W16 -> 600 | U16: =T16/X16 -> 18.75 | V16: 500 | W16: 1.2 | X16: 32
... A20: 700 | B20: 0.0314 | C20: =A20*B20 -> 21.98 | D20: 0.6 | E20: =C20*D20 -> 13.188 | F20: 0.8 | G20: =E20*F20 -> 10.5504 | H20: 120 | I20: =G20*H20 -> 1266.048 | J20: =I20/16 -> 79.128 | K20: 15 | L20: =M20/X20 -> 2.9415 | M20: =J20+K20 -> 94.128 | N20: =C20*S20 -> 54.95 | O20: =N20/X20 -> 1.7171875 | P20: =R20*1.2 -> 996 | Q20: =P20/X20 -> 31.125 | R20: 830 | S20: 2.5 | T20: =V20*W20 -> 1320 | U20: =T20/X20 -> 41.25 | V20: 1100 | W20: 1.2 | X20: 32
A21: 750 | B21: 0.0314 | C21: =A21*B21 -> 23.55 | D21: 0.6 | E21: =C21*D21 -> 14.13 | F21: 0.8 | G21: =E21*F21 -> 11.304 | H21: 120 | I21: =G21*H21 -> 1356.48 | J21: =I21/16 -> 84.78 | K21: 15 | L21: =M21/X21 -> 3.118125 | M21: =J21+K21 -> 99.78 | N21: =C21*S21 -> 58.875 | O21: =N21/X21 -> 1.8398437 | P21: =R21*1.2 -> 1244.4 | Q21: =P21/X21 -> 38.8875 | R21: 1037 | S21: 2.5 | U21: =T21/X21 -> 0 | X21: 32
A22: 800 | B22: 0.0314 | C22: =A22*B22 -> 25.12 | D22: 0.6 | E22: =C22*D22 -> 15.072 | F22: 0.8 | G22: =E22*F22 -> 12.0576 | H22: 120 | I22: =G22*H22 -> 1446.912 | J22: =I22/16 -> 90.432 | K22: 15 | L22: =M22/X22 -> 3.29475 | M22: =J22+K22 -> 105.432 | N22: =C22*S22 -> 62.8 | O22: =N22/X22 -> 1.9625 | P22: =R22*1.2 -> 1554 | Q22: =P22/X22 -> 48.5625 | R22: 1295 | S22: 2.5 | U22: =T22/X22 -> 0 | X22: 32
A23: 850 | B23: 0.0314 | C23: =A23*B23 -> 26.69 | D23: 0.6 | E23: =C23*D23 -> 16.014 | F23: 0.8 | G23: =E23*F23 -> 12.8112 | H23: 120 | I23: =G23*H23 -> 1537.344 | J23: =I23/16 -> 96.084 | K23: 15 | L23: =M23/X23 -> 3.471375 | M23: =J23+K23 -> 111.084 | N23: =C23*S23 -> 66.725 | O23: =N23/X23 -> 2.0851562 | P23: =R23*1.2 -> 1945.2 | Q23: =P23/X23 -> 60.7875 | R23: 1621 | S23: 2.5 | U23: =T23/X23 -> 0 | X23: 32
A24: 900 | B24: 0.0314 | C24: =A24*B24 -> 28.26 | D24: 0.6 | E24: =C24*D24 -> 16.956 | F24: 0.8 | G24: =E24*F24 -> 13.5648 | H24: 120 | I24: =G24*H24 -> 1627.776 | J24: =I24/16 -> 101.736 | K24: 15 | L24: =M24/X24 -> 3.648 | M24: =J24+K24 -> 116.736 | N24: =C24*S24 -> 70.65 | O24: =N24/X24 -> 2.2078125 | P24: =R24*1.2 -> 2430 | Q24: =P24/X24 -> 75.9375 | R24: 2025 | S24: 2.5 | X24: 32

Sheet TEKLİF HAZIRLAMA
A2: KROM
F4: MLZ.KG FİYATI
A5: ÇAP | B5: KALINLIK | C5: KG | D5: METRE | E5: TOPLAM KG | F5: 316 30 GÜN | G5: 316 90 GÜN | H5: 304 | I5: TOPLAM FİYAT
F6: 5 | G6: 5.5 | H6: 3.5
A7: YATAY | K7: 316
A8: 250 | B8: 0.4 | C8: =A8*0.0314*B8*0.8 -> 2.512 | D8: 8 | E8: =C8*D8 -> 20.096 | F8: 5.8 | I8: =E8*F8 -> 116.5568 | K8: 5 | L8: 5.5 | O8: 1
